Device : ;PAX1000IR1/M
Serial Number : ;M00535216
Firmware Version : ;1.0.3
Software Version : ;1.4.2002.183
Wavelength [nm] : ;780
Basic Sample Rate [Hz] : ;60
Operating Mode : ;1 revolution for one measurement, 1024 points for FFT

Time[date hh:mm:ss] ; Elapsed Time [hh:mm:ss:ms]; Normalized s 1 ; Normalized s 2 ; Normalized s 3 ; S 0 [mW]; S 1 [mW]; S 2 [mW]; S 3 [mW]; Azimuth[°] ; Ellipticity[°] ; DOP[%] ; DOCP[%] ; DOLP[%] ; Power[mW] ; Pol Power[mW] ; Unpol Power[mW] ; Power[dBm] ; Pol Power[dBm] ; Unpol Power[dBm] ; Power-Split-Ratio ; Phase Difference[°] ; Warning
2026-01-22 16:30:43.17;0.00:00:00:049;0.00;1.00;0.00;6.718;-0.02151;6.576;-0.0109;45.09;-0.05;97.88;0.16;97.88;6.718;6.576;0.1423;8.273;8.180;-8.467;0.50;-0.09;
2026-01-22 16:30:43.22;0.00:00:00:097;0.00;1.00;0.00;6.713;-0.02318;6.571;-0.011;45.10;-0.05;97.88;0.16;97.88;6.713;6.571;0.142;8.269;8.176;-8.476;0.50;-0.10;
2026-01-22 16:30:43.27;0.00:00:00:145;0.00;1.00;0.00;6.718;-0.02338;6.575;-0.009819;45.10;-0.04;97.87;0.15;97.87;6.718;6.575;0.1429;8.272;8.179;-8.450;0.50;-0.09;
2026-01-22 16:30:43.32;0.00:00:00:196;0.00;1.00;0.00;6.722;-0.02293;6.58;-0.01022;45.10;-0.04;97.88;0.15;97.88;6.722;6.58;0.1425;8.275;8.182;-8.462;0.50;-0.09;
2026-01-22 16:30:43.37;0.00:00:00:245;0.00;1.00;0.00;6.723;-0.02235;6.58;-0.01047;45.10;-0.05;97.88;0.16;97.88;6.723;6.58;0.1424;8.276;8.183;-8.465;0.50;-0.09;
2026-01-22 16:30:43.42;0.00:00:00:292;0.00;1.00;0.00;6.718;-0.02137;6.574;-0.01136;45.09;-0.05;97.86;0.17;97.86;6.718;6.574;0.1438;8.272;8.178;-8.423;0.50;-0.10;
2026-01-22 16:30:43.47;0.00:00:00:344;0.00;1.00;0.00;6.714;-0.02269;6.571;-0.01071;45.10;-0.05;97.88;0.16;97.88;6.714;6.571;0.1425;8.270;8.176;-8.462;0.50;-0.09;
2026-01-22 16:30:43.51;0.00:00:00:390;0.00;1.00;0.00;6.715;-0.02224;6.572;-0.01043;45.10;-0.05;97.87;0.16;97.87;6.715;6.572;0.1432;8.271;8.177;-8.439;0.50;-0.09;
2026-01-22 16:30:43.56;0.00:00:00:438;0.00;1.00;0.00;6.715;-0.02296;6.573;-0.01057;45.10;-0.05;97.89;0.16;97.89;6.715;6.573;0.1417;8.270;8.178;-8.487;0.50;-0.09;
2026-01-22 16:30:43.61;0.00:00:00:487;0.00;1.00;0.00;6.713;-0.02319;6.571;-0.01053;45.10;-0.05;97.88;0.16;97.88;6.713;6.571;0.1423;8.269;8.176;-8.468;0.50;-0.09;
2026-01-22 16:30:43.66;0.00:00:00:534;0.00;1.00;0.00;6.714;-0.0226;6.571;-0.01036;45.10;-0.05;97.87;0.15;97.87;6.714;6.571;0.1428;8.270;8.176;-8.454;0.50;-0.09;
2026-01-22 16:30:43.71;0.00:00:00:583;0.00;1.00;0.00;6.712;-0.02322;6.569;-0.01054;45.10;-0.05;97.87;0.16;97.87;6.712;6.569;0.1431;8.269;8.175;-8.445;0.50;-0.09;
2026-01-22 16:30:43.76;0.00:00:00:632;0.00;1.00;0.00;6.714;-0.02173;6.571;-0.011;45.09;-0.05;97.87;0.16;97.87;6.714;6.571;0.1428;8.270;8.176;-8.454;0.50;-0.10;
2026-01-22 16:30:43.80;0.00:00:00:678;0.00;1.00;0.00;6.716;-0.02287;6.573;-0.01089;45.10;-0.05;97.88;0.16;97.88;6.716;6.573;0.1424;8.271;8.178;-8.465;0.50;-0.09;
2026-01-22 16:30:43.85;0.00:00:00:728;0.00;1.00;0.00;6.715;-0.02137;6.571;-0.01087;45.09;-0.05;97.87;0.16;97.87;6.715;6.571;0.1432;8.270;8.177;-8.441;0.50;-0.09;
2026-01-22 16:30:43.90;0.00:00:00:777;0.00;1.00;0.00;6.715;-0.02267;6.573;-0.01026;45.10;-0.04;97.88;0.15;97.88;6.715;6.573;0.1426;8.271;8.177;-8.458;0.50;-0.09;
2026-01-22 16:30:43.95;0.00:00:00:826;0.00;1.00;0.00;6.719;-0.02382;6.576;-0.01014;45.10;-0.04;97.87;0.15;97.87;6.719;6.576;0.143;8.273;8.180;-8.448;0.50;-0.09;
2026-01-22 16:30:44.00;0.00:00:00:877;0.00;1.00;0.00;6.725;-0.02289;6.582;-0.01048;45.10;-0.05;97.88;0.16;97.88;6.725;6.582;0.1423;8.277;8.184;-8.469;0.50;-0.09;
2026-01-22 16:30:44.05;0.00:00:00:926;0.00;1.00;0.00;6.723;-0.02307;6.581;-0.01057;45.10;-0.05;97.88;0.16;97.88;6.723;6.581;0.1424;8.276;8.183;-8.465;0.50;-0.09;
2026-01-22 16:30:44.10;0.00:00:00:976;0.00;1.00;0.00;6.722;-0.02136;6.578;-0.01124;45.09;-0.05;97.87;0.17;97.87;6.722;6.578;0.1434;8.275;8.181;-8.433;0.50;-0.10;
2026-01-22 16:30:44.15;0.00:00:01:026;0.00;1.00;0.00;6.716;-0.02244;6.573;-0.01102;45.10;-0.05;97.87;0.16;97.87;6.716;6.573;0.1428;8.271;8.178;-8.453;0.50;-0.10;
2026-01-22 16:30:44.20;0.00:00:01:075;0.00;1.00;0.00;6.717;-0.02241;6.574;-0.01049;45.10;-0.05;97.87;0.16;97.87;6.717;6.574;0.1432;8.272;8.178;-8.442;0.50;-0.09;
2026-01-22 16:30:44.25;0.00:00:01:126;0.00;1.00;0.00;6.717;-0.02131;6.574;-0.01106;45.09;-0.05;97.87;0.16;97.87;6.717;6.574;0.143;8.272;8.178;-8.448;0.50;-0.10;
2026-01-22 16:30:44.30;0.00:00:01:175;0.00;1.00;0.00;6.715;-0.02313;6.573;-0.01073;45.10;-0.05;97.88;0.16;97.88;6.715;6.573;0.1425;8.271;8.177;-8.461;0.50;-0.09;
2026-01-22 16:30:44.35;0.00:00:01:222;0.00;1.00;0.00;6.727;-0.02319;6.584;-0.009375;45.10;-0.04;97.87;0.14;97.87;6.727;6.584;0.1431;8.278;8.185;-8.442;0.50;-0.08;
2026-01-22 16:30:44.39;0.00:00:01:271;0.00;1.00;0.00;6.734;-0.02374;6.592;-0.01032;45.10;-0.04;97.88;0.15;97.88;6.734;6.592;0.1424;8.283;8.190;-8.464;0.50;-0.09;
2026-01-22 16:30:44.44;0.00:00:01:320;0.00;1.00;0.00;6.73;-0.02218;6.589;-0.0117;45.10;-0.05;97.90;0.17;97.90;6.73;6.589;0.1414;8.280;8.188;-8.496;0.50;-0.10;
2026-01-22 16:30:44.49;0.00:00:01:368;0.00;1.00;0.00;6.723;-0.02183;6.58;-0.01103;45.10;-0.05;97.88;0.16;97.87;6.723;6.581;0.1429;8.276;8.183;-8.451;0.50;-0.10;
2026-01-22 16:30:44.54;0.00:00:01:418;0.00;1.00;0.00;6.722;-0.02232;6.579;-0.01065;45.10;-0.05;97.88;0.16;97.88;6.722;6.579;0.1424;8.275;8.182;-8.465;0.50;-0.09;
2026-01-22 16:30:44.59;0.00:00:01:465;0.00;1.00;0.00;6.721;-0.02237;6.578;-0.01073;45.10;-0.05;97.88;0.16;97.88;6.721;6.578;0.1425;8.274;8.181;-8.463;0.50;-0.09;
2026-01-22 16:30:44.64;0.00:00:01:513;0.00;1.00;0.00;6.719;-0.02269;6.577;-0.01091;45.10;-0.05;97.88;0.16;97.88;6.719;6.577;0.1424;8.273;8.180;-8.466;0.50;-0.10;
2026-01-22 16:30:44.69;0.00:00:01:563;0.00;1.00;0.00;6.703;-0.02156;6.562;-0.01146;45.09;-0.05;97.89;0.17;97.89;6.703;6.562;0.1415;8.263;8.170;-8.491;0.50;-0.10;
2026-01-22 16:30:44.74;0.00:00:01:612;0.00;1.00;0.00;6.7;-0.02276;6.558;-0.01073;45.10;-0.05;97.88;0.16;97.88;6.7;6.558;0.1421;8.261;8.168;-8.475;0.50;-0.09;
2026-01-22 16:30:44.78;0.00:00:01:660;0.00;1.00;0.00;6.702;-0.02342;6.558;-0.01039;45.10;-0.05;97.86;0.16;97.86;6.702;6.558;0.1437;8.262;8.168;-8.427;0.50;-0.09;
2026-01-22 16:30:44.83;0.00:00:01:710;0.00;1.00;0.00;6.704;-0.0223;6.56;-0.01046;45.10;-0.05;97.85;0.16;97.85;6.704;6.56;0.1442;8.263;8.169;-8.410;0.50;-0.09;
2026-01-22 16:30:44.88;0.00:00:01:756;0.00;1.00;0.00;6.705;-0.02272;6.562;-0.01096;45.10;-0.05;97.87;0.16;97.87;6.705;6.562;0.1429;8.264;8.170;-8.449;0.50;-0.10;
2026-01-22 16:30:44.93;0.00:00:01:807;0.00;1.00;0.00;6.702;-0.0227;6.56;-0.01058;45.10;-0.05;97.88;0.16;97.88;6.702;6.56;0.1423;8.262;8.169;-8.466;0.50;-0.09;
2026-01-22 16:30:44.98;0.00:00:01:856;0.00;1.00;0.00;6.701;-0.02202;6.558;-0.0106;45.10;-0.05;97.87;0.16;97.87;6.701;6.558;0.1425;8.261;8.168;-8.461;0.50;-0.09;
2026-01-22 16:30:45.03;0.00:00:01:906;0.00;1.00;0.00;6.702;-0.02307;6.56;-0.01007;45.10;-0.04;97.88;0.15;97.88;6.702;6.56;0.1423;8.262;8.169;-8.469;0.50;-0.09;
2026-01-22 16:30:45.08;0.00:00:01:958;0.00;1.00;0.00;6.707;-0.02188;6.565;-0.0106;45.10;-0.05;97.88;0.16;97.88;6.707;6.565;0.1422;8.265;8.172;-8.471;0.50;-0.09;
2026-01-22 16:30:45.13;0.00:00:02:004;0.00;1.00;0.00;6.704;-0.02342;6.563;-0.01074;45.10;-0.05;97.89;0.16;97.89;6.704;6.563;0.1415;8.263;8.171;-8.492;0.50;-0.09;
2026-01-22 16:30:45.18;0.00:00:02:052;0.00;1.00;0.00;6.704;-0.02212;6.561;-0.01076;45.10;-0.05;97.86;0.16;97.86;6.704;6.561;0.1435;8.263;8.170;-8.432;0.50;-0.09;
2026-01-22 16:30:45.23;0.00:00:02:102;0.00;1.00;0.00;6.709;-0.02203;6.566;-0.01062;45.10;-0.05;97.87;0.16;97.87;6.709;6.566;0.1431;8.267;8.173;-8.442;0.50;-0.09;
2026-01-22 16:30:45.27;0.00:00:02:150;0.00;1.00;0.00;6.71;-0.02232;6.567;-0.01072;45.10;-0.05;97.87;0.16;97.87;6.71;6.567;0.1428;8.267;8.174;-8.452;0.50;-0.09;
2026-01-22 16:30:45.32;0.00:00:02:198;0.00;1.00;0.00;6.714;-0.02278;6.571;-0.01032;45.10;-0.04;97.87;0.15;97.87;6.714;6.571;0.1432;8.270;8.176;-8.440;0.50;-0.09;
2026-01-22 16:30:45.37;0.00:00:02:247;0.00;1.00;0.00;6.716;-0.02288;6.573;-0.01101;45.10;-0.05;97.88;0.16;97.88;6.716;6.573;0.1423;8.271;8.178;-8.469;0.50;-0.10;
2026-01-22 16:30:45.42;0.00:00:02:295;0.00;1.00;0.00;6.71;-0.0235;6.568;-0.0111;45.10;-0.05;97.90;0.17;97.90;6.71;6.569;0.1412;8.267;8.175;-8.502;0.50;-0.10;
2026-01-22 16:30:45.47;0.00:00:02:346;0.00;1.00;0.00;6.707;-0.02289;6.565;-0.01068;45.10;-0.05;97.87;0.16;97.87;6.707;6.565;0.1427;8.266;8.172;-8.455;0.50;-0.09;
2026-01-22 16:30:45.52;0.00:00:02:393;0.00;1.00;0.00;6.709;-0.02251;6.566;-0.01058;45.10;-0.05;97.87;0.16;97.87;6.709;6.566;0.143;8.266;8.173;-8.445;0.50;-0.09;
2026-01-22 16:30:45.56;0.00:00:02:440;0.00;1.00;0.00;6.71;-0.02294;6.568;-0.01044;45.10;-0.05;97.87;0.16;97.87;6.71;6.568;0.1429;8.268;8.174;-8.451;0.50;-0.09;
2026-01-22 16:30:45.61;0.00:00:02:488;0.00;1.00;0.00;6.713;-0.02287;6.57;-0.0105;45.10;-0.05;97.86;0.16;97.86;6.713;6.57;0.1435;8.269;8.175;-8.433;0.50;-0.09;
2026-01-22 16:30:45.66;0.00:00:02:536;0.00;1.00;0.00;6.714;-0.02276;6.571;-0.0105;45.10;-0.05;97.87;0.16;97.87;6.714;6.571;0.1428;8.270;8.176;-8.453;0.50;-0.09;
2026-01-22 16:30:45.71;0.00:00:02:585;0.00;1.00;0.00;6.714;-0.02224;6.571;-0.01045;45.10;-0.05;97.88;0.16;97.88;6.714;6.571;0.1426;8.270;8.177;-8.460;0.50;-0.09;
2026-01-22 16:30:45.76;0.00:00:02:634;0.00;1.00;0.00;6.715;-0.02202;6.572;-0.01096;45.10;-0.05;97.87;0.16;97.87;6.715;6.572;0.1432;8.270;8.177;-8.439;0.50;-0.10;
2026-01-22 16:30:45.80;0.00:00:02:681;0.00;1.00;0.00;6.711;-0.02254;6.568;-0.01121;45.10;-0.05;97.87;0.17;97.87;6.711;6.568;0.1427;8.268;8.175;-8.455;0.50;-0.10;
2026-01-22 16:30:45.85;0.00:00:02:729;0.00;1.00;0.00;6.708;-0.02223;6.566;-0.01093;45.10;-0.05;97.87;0.16;97.87;6.708;6.566;0.1426;8.266;8.173;-8.458;0.50;-0.10;
2026-01-22 16:30:45.90;0.00:00:02:781;0.00;1.00;0.00;6.712;-0.02339;6.569;-0.01018;45.10;-0.04;97.87;0.15;97.87;6.712;6.569;0.1432;8.269;8.175;-8.441;0.50;-0.09;
2026-01-22 16:30:45.95;0.00:00:02:830;0.00;1.00;0.00;6.718;-0.02243;6.575;-0.01042;45.10;-0.05;97.87;0.16;97.87;6.718;6.575;0.1431;8.273;8.179;-8.444;0.50;-0.09;
2026-01-22 16:30:46.00;0.00:00:02:878;0.00;1.00;0.00;6.722;-0.02196;6.579;-0.01099;45.10;-0.05;97.87;0.16;97.87;6.722;6.579;0.143;8.275;8.182;-8.447;0.50;-0.10;
2026-01-22 16:30:46.05;0.00:00:02:927;0.00;1.00;0.00;6.725;-0.024;6.583;-0.009994;45.10;-0.04;97.89;0.15;97.89;6.725;6.583;0.1416;8.277;8.184;-8.488;0.50;-0.09;
2026-01-22 16:30:46.10;0.00:00:02:977;0.00;1.00;0.00;6.73;-0.02265;6.587;-0.01071;45.10;-0.05;97.88;0.16;97.88;6.73;6.587;0.1428;8.280;8.187;-8.453;0.50;-0.09;
2026-01-22 16:30:46.15;0.00:00:03:028;0.00;1.00;0.00;6.727;-0.0221;6.585;-0.01117;45.10;-0.05;97.88;0.17;97.88;6.727;6.585;0.1424;8.278;8.185;-8.466;0.50;-0.10;
2026-01-22 16:30:46.20;0.00:00:03:077;0.00;1.00;0.00;6.725;-0.02176;6.583;-0.01114;45.09;-0.05;97.88;0.17;97.88;6.725;6.583;0.1425;8.277;8.184;-8.461;0.50;-0.10;
2026-01-22 16:30:46.25;0.00:00:03:126;0.00;1.00;0.00;6.72;-0.02216;6.577;-0.01068;45.10;-0.05;97.88;0.16;97.88;6.72;6.577;0.1427;8.274;8.180;-8.455;0.50;-0.09;
2026-01-22 16:30:46.30;0.00:00:03:175;0.00;1.00;0.00;6.715;-0.02267;6.573;-0.01126;45.10;-0.05;97.88;0.17;97.88;6.715;6.573;0.1426;8.271;8.177;-8.458;0.50;-0.10;
2026-01-22 16:30:46.35;0.00:00:03:222;0.00;1.00;0.00;6.719;-0.02167;6.576;-0.01072;45.09;-0.05;97.86;0.16;97.86;6.719;6.576;0.1435;8.273;8.180;-8.430;0.50;-0.09;
2026-01-22 16:30:46.39;0.00:00:03:271;0.00;1.00;0.00;6.72;-0.02367;6.578;-0.009993;45.10;-0.04;97.88;0.15;97.88;6.72;6.578;0.1426;8.274;8.181;-8.459;0.50;-0.09;
2026-01-22 16:30:46.44;0.00:00:03:319;0.00;1.00;0.00;6.721;-0.02301;6.577;-0.01037;45.10;-0.05;97.87;0.15;97.87;6.721;6.577;0.1433;8.274;8.181;-8.437;0.50;-0.09;
2026-01-22 16:30:46.49;0.00:00:03:369;0.00;1.00;0.00;6.721;-0.02322;6.579;-0.01063;45.10;-0.05;97.89;0.16;97.89;6.721;6.579;0.1417;8.274;8.182;-8.488;0.50;-0.09;
2026-01-22 16:30:46.54;0.00:00:03:417;0.00;1.00;0.00;6.719;-0.02243;6.577;-0.01084;45.10;-0.05;97.88;0.16;97.88;6.719;6.577;0.1422;8.273;8.180;-8.472;0.50;-0.09;
2026-01-22 16:30:46.59;0.00:00:03:467;0.00;1.00;0.00;6.719;-0.02326;6.576;-0.01039;45.10;-0.05;97.88;0.15;97.88;6.719;6.577;0.1423;8.273;8.180;-8.468;0.50;-0.09;
2026-01-22 16:30:46.64;0.00:00:03:513;0.00;1.00;0.00;6.724;-0.02289;6.581;-0.01029;45.10;-0.04;97.87;0.15;97.87;6.724;6.581;0.1431;8.276;8.183;-8.442;0.50;-0.09;
2026-01-22 16:30:46.69;0.00:00:03:565;0.00;1.00;0.00;6.73;-0.02097;6.587;-0.01178;45.09;-0.05;97.88;0.18;97.88;6.73;6.587;0.1427;8.280;8.187;-8.455;0.50;-0.10;
2026-01-22 16:30:46.74;0.00:00:03:613;0.00;1.00;0.00;6.72;-0.02207;6.578;-0.01184;45.10;-0.05;97.90;0.18;97.90;6.72;6.578;0.1413;8.273;8.181;-8.498;0.50;-0.10;
2026-01-22 16:30:46.79;0.00:00:03:662;0.00;1.00;0.00;6.72;-0.02286;6.578;-0.01056;45.10;-0.05;97.88;0.16;97.88;6.72;6.578;0.1423;8.274;8.181;-8.468;0.50;-0.09;
2026-01-22 16:30:46.84;0.00:00:03:715;0.00;1.00;0.00;6.721;-0.02303;6.579;-0.01118;45.10;-0.05;97.89;0.17;97.89;6.721;6.579;0.142;8.274;8.181;-8.476;0.50;-0.10;
2026-01-22 16:30:46.89;0.00:00:03:764;0.00;1.00;0.00;6.724;-0.02258;6.583;-0.01082;45.10;-0.05;97.89;0.16;97.89;6.724;6.583;0.1418;8.277;8.184;-8.484;0.50;-0.09;
2026-01-22 16:30:46.94;0.00:00:03:812;0.00;1.00;0.00;6.719;-0.02167;6.576;-0.0115;45.09;-0.05;97.88;0.17;97.88;6.719;6.576;0.1428;8.273;8.180;-8.454;0.50;-0.10;
2026-01-22 16:30:46.98;0.00:00:03:861;0.00;1.00;0.00;6.714;-0.02253;6.571;-0.01082;45.10;-0.05;97.87;0.16;97.87;6.714;6.571;0.1431;8.270;8.176;-8.443;0.50;-0.09;
2026-01-22 16:30:47.03;0.00:00:03:911;0.00;1.00;0.00;6.714;-0.02306;6.572;-0.01017;45.10;-0.04;97.88;0.15;97.88;6.714;6.572;0.1425;8.270;8.177;-8.461;0.50;-0.09;
2026-01-22 16:30:47.08;0.00:00:03:957;0.00;1.00;0.00;6.704;-0.02197;6.562;-0.01125;45.10;-0.05;97.89;0.17;97.89;6.704;6.562;0.1417;8.263;8.170;-8.487;0.50;-0.10;
2026-01-22 16:30:47.13;0.00:00:04:007;0.00;1.00;0.00;6.695;-0.02298;6.554;-0.01107;45.10;-0.05;97.90;0.17;97.90;6.695;6.554;0.1408;8.257;8.165;-8.514;0.50;-0.10;
2026-01-22 16:30:47.18;0.00:00:04:056;0.00;1.00;0.00;6.706;-0.02298;6.563;-0.009907;45.10;-0.04;97.87;0.15;97.87;6.706;6.563;0.1429;8.264;8.171;-8.449;0.50;-0.09;
2026-01-22 16:30:47.23;0.00:00:04:105;0.00;1.00;0.00;6.716;-0.024;6.573;-0.009641;45.10;-0.04;97.87;0.14;97.87;6.716;6.573;0.143;8.271;8.177;-8.445;0.50;-0.08;
2026-01-22 16:30:47.28;0.00:00:04:152;0.00;1.00;0.00;6.735;-0.02372;6.591;-0.009324;45.10;-0.04;97.87;0.14;97.87;6.735;6.591;0.1436;8.283;8.190;-8.429;0.50;-0.08;
2026-01-22 16:30:47.32;0.00:00:04:201;0.00;1.00;0.00;6.737;-0.02213;6.595;-0.01115;45.10;-0.05;97.88;0.17;97.88;6.737;6.595;0.1427;8.285;8.192;-8.456;0.50;-0.10;
2026-01-22 16:30:47.38;0.00:00:04:254;0.00;1.00;0.00;6.708;-0.02193;6.567;-0.01232;45.10;-0.05;97.89;0.18;97.89;6.708;6.567;0.1413;8.266;8.173;-8.500;0.50;-0.11;
2026-01-22 16:30:47.43;0.00:00:04:302;0.00;1.00;0.00;6.7;-0.02207;6.558;-0.01087;45.10;-0.05;97.88;0.16;97.88;6.7;6.558;0.1421;8.261;8.168;-8.473;0.50;-0.09;
2026-01-22 16:30:47.47;0.00:00:04:350;0.00;1.00;0.00;6.695;-0.02251;6.553;-0.0111;45.10;-0.05;97.88;0.17;97.88;6.695;6.553;0.1419;8.257;8.164;-8.479;0.50;-0.10;
2026-01-22 16:30:47.52;0.00:00:04:400;0.00;1.00;0.00;6.695;-0.02255;6.552;-0.01014;45.10;-0.04;97.87;0.15;97.87;6.695;6.552;0.1425;8.257;8.164;-8.462;0.50;-0.09;
2026-01-22 16:30:47.57;0.00:00:04:447;0.00;1.00;0.00;6.7;-0.02372;6.558;-0.01007;45.10;-0.04;97.88;0.15;97.88;6.7;6.558;0.1419;8.261;8.168;-8.481;0.50;-0.09;
2026-01-22 16:30:47.62;0.00:00:04:497;0.00;1.00;0.00;6.712;-0.02346;6.569;-0.01001;45.10;-0.04;97.87;0.15;97.87;6.712;6.569;0.1432;8.269;8.175;-8.440;0.50;-0.09;
2026-01-22 16:30:47.67;0.00:00:04:543;0.00;1.00;0.00;6.717;-0.02379;6.575;-0.01063;45.10;-0.05;97.88;0.16;97.88;6.717;6.575;0.1421;8.272;8.179;-8.475;0.50;-0.09;
2026-01-22 16:30:47.72;0.00:00:04:592;0.00;1.00;0.00;6.724;-0.02356;6.581;-0.0104;45.10;-0.05;97.87;0.15;97.87;6.724;6.581;0.1432;8.276;8.183;-8.442;0.50;-0.09;
2026-01-22 16:30:47.77;0.00:00:04:643;0.00;1.00;0.00;6.719;-0.02179;6.578;-0.01208;45.09;-0.05;97.90;0.18;97.90;6.719;6.578;0.1412;8.273;8.181;-8.502;0.50;-0.11;
2026-01-22 16:30:47.82;0.00:00:04:692;0.00;1.00;0.00;6.7;-0.02316;6.557;-0.01057;45.10;-0.05;97.87;0.16;97.87;6.7;6.557;0.1425;8.261;8.167;-8.462;0.50;-0.09;
2026-01-22 16:30:47.87;0.00:00:04:742;0.00;1.00;0.00;6.701;-0.02227;6.559;-0.01087;45.10;-0.05;97.89;0.16;97.89;6.701;6.559;0.1416;8.261;8.169;-8.490;0.50;-0.09;
2026-01-22 16:30:47.92;0.00:00:04:793;0.00;1.00;0.00;6.691;-0.02263;6.549;-0.01064;45.10;-0.05;97.88;0.16;97.88;6.691;6.549;0.1419;8.255;8.162;-8.480;0.50;-0.09;
2026-01-22 16:30:47.97;0.00:00:04:842;0.00;1.00;0.00;6.692;-0.0235;6.55;-0.01055;45.10;-0.05;97.89;0.16;97.89;6.692;6.55;0.1414;8.255;8.162;-8.494;0.50;-0.09;
2026-01-22 16:30:48.02;0.00:00:04:892;0.00;1.00;0.00;6.701;-0.02283;6.559;-0.01032;45.10;-0.05;97.88;0.15;97.88;6.701;6.559;0.142;8.261;8.168;-8.476;0.50;-0.09;
2026-01-22 16:30:48.07;0.00:00:04:943;0.00;1.00;0.00;6.704;-0.02345;6.562;-0.01038;45.10;-0.05;97.89;0.15;97.89;6.704;6.562;0.1416;8.263;8.170;-8.488;0.50;-0.09;
2026-01-22 16:30:48.12;0.00:00:04:996;0.00;1.00;0.00;6.708;-0.02339;6.566;-0.01069;45.10;-0.05;97.88;0.16;97.88;6.708;6.566;0.1422;8.266;8.173;-8.471;0.50;-0.09;
2026-01-22 16:30:48.17;0.00:00:05:046;0.00;1.00;0.00;6.71;-0.02277;6.568;-0.01104;45.10;-0.05;97.88;0.16;97.88;6.71;6.568;0.1421;8.267;8.174;-8.473;0.50;-0.10;
2026-01-22 16:30:48.22;0.00:00:05:096;0.00;1.00;0.00;6.701;-0.02322;6.56;-0.01128;45.10;-0.05;97.89;0.17;97.89;6.701;6.56;0.1413;8.262;8.169;-8.499;0.50;-0.10;
2026-01-22 16:30:48.27;0.00:00:05:143;0.00;1.00;0.00;6.697;-0.02137;6.554;-0.01111;45.09;-0.05;97.87;0.17;97.87;6.697;6.555;0.1423;8.259;8.165;-8.466;0.50;-0.10;
2026-01-22 16:30:48.32;0.00:00:05:193;0.00;1.00;0.00;6.696;-0.02295;6.554;-0.01067;45.10;-0.05;97.87;0.16;97.87;6.696;6.554;0.1425;8.258;8.165;-8.461;0.50;-0.09;
2026-01-22 16:30:48.37;0.00:00:05:242;0.00;1.00;0.00;6.697;-0.02309;6.555;-0.01109;45.10;-0.05;97.88;0.17;97.88;6.697;6.555;0.1418;8.259;8.166;-8.483;0.50;-0.10;
2026-01-22 16:30:48.41;0.00:00:05:291;0.00;1.00;0.00;6.705;-0.0229;6.562;-0.01023;45.10;-0.04;97.86;0.15;97.86;6.705;6.562;0.1433;8.264;8.170;-8.438;0.50;-0.09;
2026-01-22 16:30:48.46;0.00:00:05:341;0.00;1.00;0.00;6.707;-0.02307;6.566;-0.01107;45.10;-0.05;97.89;0.17;97.89;6.707;6.566;0.1416;8.266;8.173;-8.488;0.50;-0.10;
2026-01-22 16:30:48.51;0.00:00:05:391;0.00;1.00;0.00;6.706;-0.02272;6.563;-0.01072;45.10;-0.05;97.87;0.16;97.87;6.706;6.563;0.1429;8.265;8.171;-8.449;0.50;-0.09;
2026-01-22 16:30:48.56;0.00:00:05:441;0.00;1.00;0.00;6.708;-0.02369;6.567;-0.0104;45.10;-0.05;97.90;0.16;97.90;6.708;6.567;0.1407;8.266;8.174;-8.517;0.50;-0.09;
2026-01-22 16:30:48.61;0.00:00:05:491;0.00;1.00;0.00;6.712;-0.02384;6.57;-0.01029;45.10;-0.04;97.89;0.15;97.89;6.712;6.57;0.1415;8.268;8.176;-8.493;0.50;-0.09;
2026-01-22 16:30:48.66;0.00:00:05:538;0.00;1.00;0.00;6.713;-0.02272;6.571;-0.01035;45.10;-0.05;97.88;0.15;97.88;6.713;6.571;0.1422;8.269;8.176;-8.471;0.50;-0.09;
2026-01-22 16:30:48.71;0.00:00:05:588;0.00;1.00;0.00;6.709;-0.0226;6.568;-0.01135;45.10;-0.05;97.90;0.17;97.89;6.709;6.568;0.1412;8.266;8.174;-8.501;0.50;-0.10;
2026-01-22 16:30:48.76;0.00:00:05:634;0.00;1.00;0.00;6.697;-0.02128;6.555;-0.0118;45.09;-0.05;97.88;0.18;97.88;6.697;6.555;0.1419;8.259;8.166;-8.479;0.50;-0.10;
2026-01-22 16:30:48.81;0.00:00:05:685;0.00;1.00;0.00;6.704;-0.02322;6.562;-0.01047;45.10;-0.05;97.89;0.16;97.89;6.704;6.562;0.1417;8.263;8.171;-8.485;0.50;-0.09;
2026-01-22 16:30:48.86;0.00:00:05:736;0.00;1.00;0.00;6.711;-0.02334;6.569;-0.0101;45.10;-0.04;97.88;0.15;97.88;6.711;6.569;0.1424;8.268;8.175;-8.465;0.50;-0.09;
2026-01-22 16:30:48.91;0.00:00:05:784;0.00;1.00;0.00;6.726;-0.02284;6.583;-0.01019;45.10;-0.04;97.87;0.15;97.87;6.726;6.583;0.143;8.277;8.184;-8.448;0.50;-0.09;
2026-01-22 16:30:48.96;0.00:00:05:835;0.00;1.00;0.00;6.726;-0.02366;6.583;-0.01051;45.10;-0.05;97.88;0.16;97.88;6.726;6.583;0.1426;8.277;8.184;-8.457;0.50;-0.09;
2026-01-22 16:30:49.01;0.00:00:05:883;0.00;1.00;0.00;6.728;-0.02251;6.585;-0.01093;45.10;-0.05;97.87;0.16;97.87;6.728;6.585;0.1431;8.279;8.186;-8.444;0.50;-0.10;
2026-01-22 16:30:49.05;0.00:00:05:931;0.00;1.00;0.00;6.726;-0.02338;6.584;-0.01035;45.10;-0.05;97.88;0.15;97.88;6.726;6.584;0.1424;8.278;8.185;-8.464;0.50;-0.09;
2026-01-22 16:30:49.11;0.00:00:05:981;0.00;1.00;0.00;6.724;-0.02267;6.582;-0.01066;45.10;-0.05;97.88;0.16;97.88;6.724;6.582;0.1424;8.277;8.184;-8.465;0.50;-0.09;
2026-01-22 16:30:49.15;0.00:00:06:030;0.00;1.00;0.00;6.722;-0.0237;6.579;-0.0109;45.10;-0.05;97.88;0.16;97.88;6.722;6.579;0.1425;8.275;8.182;-8.463;0.50;-0.09;
2026-01-22 16:30:49.20;0.00:00:06:077;0.00;1.00;0.00;6.724;-0.0237;6.581;-0.01049;45.10;-0.05;97.88;0.16;97.88;6.724;6.581;0.1427;8.276;8.183;-8.455;0.50;-0.09;
2026-01-22 16:30:49.25;0.00:00:06:128;0.00;1.00;0.00;6.724;-0.02146;6.581;-0.01198;45.09;-0.05;97.88;0.18;97.88;6.724;6.581;0.1425;8.276;8.183;-8.461;0.50;-0.10;
2026-01-22 16:30:49.30;0.00:00:06:177;0.00;1.00;0.00;6.713;-0.02202;6.571;-0.01157;45.10;-0.05;97.89;0.17;97.89;6.713;6.571;0.1419;8.269;8.177;-8.480;0.50;-0.10;
2026-01-22 16:30:49.35;0.00:00:06:227;0.00;1.00;0.00;6.723;-0.02323;6.58;-0.01016;45.10;-0.04;97.87;0.15;97.87;6.723;6.58;0.1429;8.276;8.182;-8.448;0.50;-0.09;
2026-01-22 16:30:49.40;0.00:00:06:277;0.00;1.00;0.00;6.726;-0.02293;6.584;-0.01055;45.10;-0.05;97.88;0.16;97.88;6.726;6.584;0.1424;8.278;8.185;-8.465;0.50;-0.09;
2026-01-22 16:30:49.45;0.00:00:06:326;0.00;1.00;0.00;6.721;-0.02299;6.579;-0.01146;45.10;-0.05;97.88;0.17;97.88;6.721;6.579;0.1426;8.274;8.181;-8.459;0.50;-0.10;
2026-01-22 16:30:49.50;0.00:00:06:377;0.00;1.00;0.00;6.719;-0.02215;6.576;-0.01094;45.10;-0.05;97.86;0.16;97.86;6.719;6.576;0.1439;8.273;8.179;-8.419;0.50;-0.10;
2026-01-22 16:30:49.55;0.00:00:06:425;0.00;1.00;0.00;6.727;-0.02315;6.584;-0.01031;45.10;-0.04;97.87;0.15;97.87;6.727;6.584;0.1432;8.278;8.185;-8.441;0.50;-0.09;
2026-01-22 16:30:49.60;0.00:00:06:472;0.00;1.00;0.00;6.73;-0.02282;6.587;-0.01071;45.10;-0.05;97.88;0.16;97.88;6.73;6.587;0.1424;8.280;8.187;-8.465;0.50;-0.09;
2026-01-22 16:30:49.65;0.00:00:06:523;0.00;1.00;0.00;6.73;-0.02304;6.586;-0.01055;45.10;-0.05;97.86;0.16;97.86;6.73;6.586;0.1438;8.280;8.186;-8.421;0.50;-0.09;
2026-01-22 16:30:49.69;0.00:00:06:570;0.00;1.00;0.00;6.738;-0.02292;6.595;-0.01031;45.10;-0.04;97.87;0.15;97.87;6.738;6.595;0.1433;8.285;8.192;-8.437;0.50;-0.09;
2026-01-22 16:30:49.74;0.00:00:06:617;0.00;1.00;0.00;6.735;-0.02245;6.593;-0.01144;45.10;-0.05;97.90;0.17;97.90;6.735;6.593;0.1417;8.283;8.191;-8.487;0.50;-0.10;
2026-01-22 16:30:49.79;0.00:00:06:668;0.00;1.00;0.00;6.728;-0.02297;6.587;-0.0114;45.10;-0.05;97.90;0.17;97.90;6.728;6.587;0.1416;8.279;8.187;-8.489;0.50;-0.10;
2026-01-22 16:30:49.84;0.00:00:06:716;0.00;1.00;0.00;6.725;-0.02273;6.583;-0.01118;45.10;-0.05;97.89;0.17;97.89;6.725;6.583;0.1421;8.277;8.184;-8.476;0.50;-0.10;
2026-01-22 16:30:49.89;0.00:00:06:764;0.00;1.00;0.00;6.732;-0.02338;6.589;-0.01087;45.10;-0.05;97.88;0.16;97.88;6.732;6.589;0.1427;8.281;8.188;-8.454;0.50;-0.09;
2026-01-22 16:30:49.94;0.00:00:06:813;0.00;1.00;0.00;6.729;-0.02164;6.586;-0.01177;45.09;-0.05;97.88;0.17;97.88;6.729;6.586;0.143;8.280;8.186;-8.448;0.50;-0.10;
2026-01-22 16:30:49.98;0.00:00:06:861;0.00;1.00;0.00;6.721;-0.0235;6.578;-0.01103;45.10;-0.05;97.88;0.16;97.88;6.721;6.578;0.1423;8.274;8.181;-8.467;0.50;-0.10;
2026-01-22 16:30:50.04;0.00:00:06:911;0.00;1.00;0.00;6.712;-0.02302;6.569;-0.0102;45.10;-0.04;97.87;0.15;97.87;6.712;6.569;0.143;8.269;8.175;-8.445;0.50;-0.09;
2026-01-22 16:30:50.08;0.00:00:06:958;0.00;1.00;0.00;6.718;-0.02373;6.575;-0.01054;45.10;-0.05;97.88;0.16;97.88;6.718;6.575;0.1422;8.272;8.179;-8.473;0.50;-0.09;
2026-01-22 16:30:50.13;0.00:00:07:005;0.00;1.00;0.00;6.721;-0.02374;6.578;-0.01045;45.10;-0.05;97.88;0.16;97.88;6.721;6.578;0.1427;8.274;8.181;-8.455;0.50;-0.09;
2026-01-22 16:30:50.18;0.00:00:07:052;0.00;1.00;0.00;6.72;-0.02324;6.578;-0.01102;45.10;-0.05;97.89;0.16;97.89;6.72;6.578;0.1418;8.273;8.181;-8.483;0.50;-0.10;
2026-01-22 16:30:50.22;0.00:00:07:101;0.00;1.00;0.00;6.723;-0.02322;6.58;-0.01034;45.10;-0.05;97.88;0.15;97.88;6.723;6.58;0.1424;8.275;8.182;-8.466;0.50;-0.09;
2026-01-22 16:30:50.27;0.00:00:07:150;0.00;1.00;0.00;6.73;-0.02312;6.588;-0.01073;45.10;-0.05;97.88;0.16;97.88;6.73;6.588;0.1425;8.280;8.187;-8.460;0.50;-0.09;
2026-01-22 16:30:50.33;0.00:00:07:201;0.00;1.00;0.00;6.73;-0.02358;6.588;-0.01108;45.10;-0.05;97.89;0.16;97.89;6.73;6.588;0.1419;8.280;8.187;-8.479;0.50;-0.10;
2026-01-22 16:30:50.37;0.00:00:07:248;0.00;1.00;0.00;6.721;-0.02328;6.579;-0.01059;45.10;-0.05;97.88;0.16;97.88;6.721;6.579;0.1422;8.274;8.181;-8.472;0.50;-0.09;
2026-01-22 16:30:50.42;0.00:00:07:295;0.00;1.00;0.00;6.723;-0.02312;6.582;-0.01054;45.10;-0.05;97.89;0.16;97.89;6.723;6.582;0.1416;8.276;8.183;-8.490;0.50;-0.09;
2026-01-22 16:30:50.47;0.00:00:07:344;0.00;1.00;0.00;6.728;-0.02307;6.585;-0.01053;45.10;-0.05;97.88;0.16;97.88;6.728;6.585;0.1427;8.279;8.186;-8.454;0.50;-0.09;
2026-01-22 16:30:50.51;0.00:00:07:391;0.00;1.00;0.00;6.732;-0.02342;6.589;-0.01033;45.10;-0.04;97.88;0.15;97.88;6.732;6.589;0.1427;8.281;8.188;-8.455;0.50;-0.09;
2026-01-22 16:30:50.56;0.00:00:07:439;0.00;1.00;0.00;6.734;-0.02368;6.593;-0.01058;45.10;-0.05;97.91;0.16;97.91;6.734;6.593;0.1405;8.283;8.191;-8.522;0.50;-0.09;
2026-01-22 16:30:50.61;0.00:00:07:485;0.00;1.00;0.00;6.726;-0.02259;6.584;-0.01122;45.10;-0.05;97.89;0.17;97.89;6.726;6.584;0.1417;8.277;8.185;-8.486;0.50;-0.10;
2026-01-22 16:30:50.66;0.00:00:07:535;0.00;1.00;0.00;6.721;-0.02226;6.579;-0.01157;45.10;-0.05;97.88;0.17;97.88;6.721;6.579;0.1424;8.275;8.182;-8.464;0.50;-0.10;
2026-01-22 16:30:50.71;0.00:00:07:588;0.00;1.00;0.00;6.714;-0.0231;6.571;-0.01133;45.10;-0.05;97.88;0.17;97.88;6.714;6.572;0.1421;8.270;8.177;-8.476;0.50;-0.10;
2026-01-22 16:30:50.76;0.00:00:07:636;0.00;1.00;0.00;6.712;-0.02289;6.57;-0.0108;45.10;-0.05;97.88;0.16;97.88;6.712;6.57;0.1424;8.269;8.175;-8.465;0.50;-0.09;
2026-01-22 16:30:50.81;0.00:00:07:683;0.00;1.00;0.00;6.713;-0.02368;6.571;-0.01092;45.10;-0.05;97.87;0.16;97.87;6.713;6.571;0.1427;8.269;8.176;-8.455;0.50;-0.10;
2026-01-22 16:30:50.86;0.00:00:07:733;0.00;1.00;0.00;6.716;-0.02347;6.573;-0.01053;45.10;-0.05;97.87;0.16;97.87;6.716;6.573;0.1428;8.271;8.178;-8.452;0.50;-0.09;
2026-01-22 16:30:50.90;0.00:00:07:781;0.00;1.00;0.00;6.717;-0.0222;6.574;-0.01122;45.10;-0.05;97.87;0.17;97.87;6.717;6.574;0.1429;8.272;8.178;-8.448;0.50;-0.10;
2026-01-22 16:30:50.95;0.00:00:07:830;0.00;1.00;0.00;6.715;-0.02236;6.572;-0.01084;45.10;-0.05;97.87;0.16;97.87;6.715;6.572;0.143;8.271;8.177;-8.446;0.50;-0.09;
2026-01-22 16:30:51.01;0.00:00:07:889;0.00;1.00;0.00;6.714;-0.02318;6.571;-0.01101;45.10;-0.05;97.87;0.16;97.87;6.714;6.571;0.143;8.270;8.176;-8.447;0.50;-0.10;
2026-01-22 16:30:51.06;0.00:00:07:936;0.00;1.00;0.00;6.717;-0.02352;6.574;-0.0107;45.10;-0.05;97.88;0.16;97.88;6.717;6.574;0.1425;8.272;8.179;-8.462;0.50;-0.09;
2026-01-22 16:30:51.11;0.00:00:07:982;0.00;1.00;0.00;6.72;-0.02303;6.577;-0.0107;45.10;-0.05;97.87;0.16;97.87;6.72;6.577;0.143;8.274;8.181;-8.446;0.50;-0.09;
2026-01-22 16:30:51.16;0.00:00:08:035;0.00;1.00;0.00;6.725;-0.02343;6.582;-0.01068;45.10;-0.05;97.88;0.16;97.88;6.725;6.582;0.1424;8.277;8.184;-8.465;0.50;-0.09;
2026-01-22 16:30:51.21;0.00:00:08:082;0.00;1.00;0.00;6.723;-0.02267;6.581;-0.01149;45.10;-0.05;97.89;0.17;97.89;6.723;6.581;0.1418;8.276;8.183;-8.482;0.50;-0.10;
2026-01-22 16:30:51.26;0.00:00:08:132;0.00;1.00;0.00;6.723;-0.02269;6.581;-0.01079;45.10;-0.05;97.88;0.16;97.88;6.723;6.581;0.1424;8.276;8.183;-8.465;0.50;-0.09;
2026-01-22 16:30:51.30;0.00:00:08:180;0.00;1.00;0.00;6.723;-0.02298;6.581;-0.01102;45.10;-0.05;97.88;0.16;97.88;6.723;6.581;0.1428;8.276;8.183;-8.454;0.50;-0.10;
2026-01-22 16:30:51.35;0.00:00:08:228;0.00;1.00;0.00;6.725;-0.02383;6.583;-0.01084;45.10;-0.05;97.88;0.16;97.88;6.725;6.583;0.1423;8.277;8.184;-8.469;0.50;-0.09;
2026-01-22 16:30:51.40;0.00:00:08:279;0.00;1.00;0.00;6.728;-0.0236;6.585;-0.01055;45.10;-0.05;97.88;0.16;97.88;6.728;6.585;0.1426;8.279;8.186;-8.459;0.50;-0.09;
2026-01-22 16:30:51.45;0.00:00:08:326;0.00;1.00;0.00;6.73;-0.02304;6.587;-0.0107;45.10;-0.05;97.88;0.16;97.88;6.73;6.587;0.1429;8.280;8.187;-8.450;0.50;-0.09;
2026-01-22 16:30:51.50;0.00:00:08:374;0.00;1.00;0.00;6.732;-0.02457;6.592;-0.0106;45.11;-0.05;97.91;0.16;97.91;6.732;6.592;0.1407;8.282;8.190;-8.518;0.50;-0.09;
2026-01-22 16:30:51.55;0.00:00:08:424;0.00;1.00;0.00;6.734;-0.02385;6.593;-0.01094;45.10;-0.05;97.90;0.16;97.90;6.734;6.593;0.1413;8.283;8.191;-8.499;0.50;-0.10;
2026-01-22 16:30:51.60;0.00:00:08:474;0.00;1.00;0.00;6.735;-0.0232;6.592;-0.01102;45.10;-0.05;97.88;0.16;97.88;6.735;6.592;0.1427;8.283;8.190;-8.456;0.50;-0.10;
2026-01-22 16:30:51.65;0.00:00:08:523;0.00;1.00;0.00;6.733;-0.02329;6.59;-0.01126;45.10;-0.05;97.88;0.17;97.88;6.733;6.59;0.1426;8.282;8.189;-8.459;0.50;-0.10;
2026-01-22 16:30:51.70;0.00:00:08:575;0.00;1.00;0.00;6.733;-0.02282;6.59;-0.01101;45.10;-0.05;97.88;0.16;97.88;6.733;6.59;0.1427;8.282;8.189;-8.455;0.50;-0.10;
2026-01-22 16:30:51.75;0.00:00:08:623;0.00;1.00;0.00;6.732;-0.02343;6.589;-0.01127;45.10;-0.05;97.88;0.17;97.88;6.732;6.589;0.1429;8.282;8.188;-8.448;0.50;-0.10;
2026-01-22 16:30:51.80;0.00:00:08:674;0.00;1.00;0.00;6.727;-0.02373;6.582;-0.01066;45.10;-0.05;97.84;0.16;97.84;6.727;6.582;0.145;8.278;8.184;-8.387;0.50;-0.09;
2026-01-22 16:30:51.85;0.00:00:08:723;0.00;1.00;0.00;6.735;-0.0237;6.59;-0.009673;45.10;-0.04;97.86;0.14;97.86;6.735;6.591;0.1444;8.283;8.189;-8.405;0.50;-0.08;
2026-01-22 16:30:51.90;0.00:00:08:772;0.00;1.00;0.00;6.735;-0.0227;6.593;-0.01154;45.10;-0.05;97.89;0.17;97.89;6.735;6.593;0.1423;8.284;8.191;-8.467;0.50;-0.10;
2026-01-22 16:30:51.95;0.00:00:08:823;0.00;1.00;0.00;6.727;-0.02192;6.583;-0.01151;45.10;-0.05;97.87;0.17;97.87;6.727;6.583;0.1433;8.278;8.184;-8.437;0.50;-0.10;
2026-01-22 16:30:51.99;0.00:00:08:869;0.00;1.00;0.00;6.716;-0.02198;6.573;-0.01192;45.10;-0.05;97.87;0.18;97.87;6.716;6.573;0.1431;8.271;8.177;-8.443;0.50;-0.10;
2026-01-22 16:30:52.04;0.00:00:08:919;0.00;1.00;0.00;6.711;-0.02337;6.568;-0.01091;45.10;-0.05;97.88;0.16;97.88;6.711;6.568;0.1425;8.268;8.175;-8.461;0.50;-0.10;
2026-01-22 16:30:52.09;0.00:00:08:969;0.00;1.00;0.00;6.721;-0.02201;6.578;-0.01118;45.10;-0.05;97.88;0.17;97.88;6.721;6.578;0.1428;8.274;8.181;-8.453;0.50;-0.10;
2026-01-22 16:30:52.14;0.00:00:09:017;0.00;1.00;0.00;6.72;-0.02355;6.577;-0.01112;45.10;-0.05;97.88;0.17;97.88;6.72;6.577;0.1425;8.274;8.180;-8.461;0.50;-0.10;
2026-01-22 16:30:52.19;0.00:00:09:067;0.00;1.00;0.00;6.715;-0.02304;6.571;-0.01108;45.10;-0.05;97.86;0.17;97.86;6.715;6.571;0.1434;8.270;8.176;-8.435;0.50;-0.10;
2026-01-22 16:30:52.24;0.00:00:09:116;0.00;1.00;0.00;6.714;-0.02344;6.572;-0.01117;45.10;-0.05;97.88;0.17;97.88;6.714;6.572;0.1425;8.270;8.177;-8.461;0.50;-0.10;
2026-01-22 16:30:52.29;0.00:00:09:165;0.00;1.00;0.00;6.722;-0.02349;6.58;-0.0106;45.10;-0.05;97.89;0.16;97.89;6.722;6.58;0.1417;8.275;8.182;-8.485;0.50;-0.09;
2026-01-22 16:30:52.34;0.00:00:09:214;0.00;1.00;0.00;6.721;-0.02299;6.579;-0.01122;45.10;-0.05;97.88;0.17;97.88;6.721;6.579;0.1422;8.274;8.182;-8.472;0.50;-0.10;
2026-01-22 16:30:52.39;0.00:00:09:263;0.00;1.00;0.00;6.723;-0.0239;6.581;-0.01091;45.10;-0.05;97.89;0.16;97.89;6.723;6.581;0.1421;8.276;8.183;-8.473;0.50;-0.09;
2026-01-22 16:30:52.43;0.00:00:09:310;0.00;1.00;0.00;6.725;-0.02337;6.582;-0.01084;45.10;-0.05;97.88;0.16;97.88;6.725;6.582;0.1429;8.277;8.184;-8.450;0.50;-0.09;
2026-01-22 16:30:52.49;0.00:00:09:362;0.00;1.00;0.00;6.725;-0.02388;6.581;-0.01082;45.10;-0.05;97.86;0.16;97.86;6.725;6.581;0.1437;8.277;8.183;-8.426;0.50;-0.09;
2026-01-22 16:30:52.53;0.00:00:09:410;0.00;1.00;0.00;6.731;-0.0235;6.588;-0.01037;45.10;-0.05;97.87;0.15;97.87;6.731;6.588;0.1432;8.281;8.187;-8.440;0.50;-0.09;
2026-01-22 16:30:52.58;0.00:00:09:457;0.00;1.00;0.00;6.73;-0.0223;6.587;-0.01171;45.10;-0.05;97.88;0.17;97.88;6.73;6.587;0.1428;8.280;8.187;-8.453;0.50;-0.10;
2026-01-22 16:30:52.63;0.00:00:09:506;0.00;1.00;0.00;6.726;-0.0226;6.582;-0.01085;45.10;-0.05;97.86;0.16;97.86;6.726;6.582;0.1437;8.277;8.184;-8.426;0.50;-0.09;
2026-01-22 16:30:52.68;0.00:00:09:555;0.00;1.00;0.00;6.725;-0.02235;6.582;-0.01119;45.10;-0.05;97.88;0.17;97.88;6.725;6.582;0.1425;8.277;8.184;-8.462;0.50;-0.10;
2026-01-22 16:30:52.73;0.00:00:09:605;0.00;1.00;0.00;6.72;-0.02368;6.579;-0.01139;45.10;-0.05;97.90;0.17;97.90;6.72;6.579;0.1414;8.274;8.182;-8.497;0.50;-0.10;
2026-01-22 16:30:52.78;0.00:00:09:655;0.00;1.00;0.00;6.704;-0.02267;6.561;-0.0118;45.10;-0.05;97.87;0.18;97.87;6.704;6.562;0.1426;8.263;8.170;-8.459;0.50;-0.10;
2026-01-22 16:30:52.83;0.00:00:09:704;0.00;1.00;0.00;6.706;-0.02398;6.563;-0.01009;45.10;-0.04;97.87;0.15;97.87;6.706;6.563;0.143;8.264;8.171;-8.447;0.50;-0.09;
2026-01-22 16:30:52.88;0.00:00:09:754;0.00;1.00;0.00;6.707;-0.0231;6.564;-0.01118;45.10;-0.05;97.87;0.17;97.87;6.707;6.564;0.1431;8.265;8.171;-8.444;0.50;-0.10;
2026-01-22 16:30:52.93;0.00:00:09:802;0.00;1.00;0.00;6.704;-0.02323;6.561;-0.01109;45.10;-0.05;97.87;0.17;97.87;6.704;6.561;0.143;8.263;8.170;-8.446;0.50;-0.10;
2026-01-22 16:30:52.97;0.00:00:09:851;0.00;1.00;0.00;6.704;-0.02352;6.561;-0.0107;45.10;-0.05;97.87;0.16;97.87;6.704;6.561;0.143;8.263;8.170;-8.446;0.50;-0.09;
2026-01-22 16:30:53.02;0.00:00:09:896;0.00;1.00;0.00;6.707;-0.02367;6.565;-0.01088;45.10;-0.05;97.88;0.16;97.88;6.707;6.565;0.1425;8.265;8.172;-8.463;0.50;-0.09;
2026-01-22 16:30:53.07;0.00:00:09:944;0.00;1.00;0.00;6.712;-0.02286;6.569;-0.011;45.10;-0.05;97.87;0.16;97.87;6.712;6.569;0.1429;8.269;8.175;-8.450;0.50;-0.10;
2026-01-22 16:30:53.11;0.00:00:09:990;0.00;1.00;0.00;6.715;-0.02312;6.572;-0.01076;45.10;-0.05;97.87;0.16;97.87;6.715;6.572;0.1432;8.271;8.177;-8.441;0.50;-0.09;
2026-01-22 16:30:53.18;0.00:00:10:052;0.00;1.00;0.00;6.72;-0.02411;6.577;-0.00998;45.11;-0.04;97.86;0.15;97.86;6.72;6.577;0.1436;8.274;8.180;-8.427;0.50;-0.09;
2026-01-22 16:30:53.22;0.00:00:10:100;0.00;1.00;0.00;6.721;-0.02315;6.578;-0.011;45.10;-0.05;97.88;0.16;97.88;6.721;6.578;0.1428;8.274;8.181;-8.453;0.50;-0.10;
2026-01-22 16:30:53.27;0.00:00:10:147;0.00;1.00;0.00;6.719;-0.0227;6.575;-0.01148;45.10;-0.05;97.86;0.17;97.86;6.719;6.575;0.1438;8.273;8.179;-8.421;0.50;-0.10;
2026-01-22 16:30:53.32;0.00:00:10:194;0.00;1.00;0.00;6.736;-0.02292;6.592;-0.0108;45.10;-0.05;97.87;0.16;97.87;6.736;6.592;0.1436;8.284;8.190;-8.429;0.50;-0.09;
2026-01-22 16:30:53.36;0.00:00:10:240;0.00;1.00;0.00;6.737;-0.0232;6.594;-0.01082;45.10;-0.05;97.87;0.16;97.87;6.737;6.594;0.1432;8.285;8.192;-8.439;0.50;-0.09;
2026-01-22 16:30:53.41;0.00:00:10:287;0.00;1.00;0.00;6.731;-0.02205;6.587;-0.01118;45.10;-0.05;97.87;0.17;97.87;6.731;6.587;0.1435;8.281;8.187;-8.432;0.50;-0.10;
2026-01-22 16:30:53.46;0.00:00:10:335;0.00;1.00;0.00;6.73;-0.02438;6.587;-0.01058;45.11;-0.05;97.88;0.16;97.88;6.73;6.588;0.1427;8.280;8.187;-8.455;0.50;-0.09;
2026-01-22 16:30:53.52;0.00:00:10:397;0.00;1.00;0.00;6.735;-0.0232;6.593;-0.01119;45.10;-0.05;97.89;0.17;97.89;6.735;6.593;0.1424;8.284;8.191;-8.464;0.50;-0.10;
2026-01-22 16:30:53.57;0.00:00:10:442;0.00;1.00;0.00;6.734;-0.0241;6.592;-0.01092;45.10;-0.05;97.89;0.16;97.89;6.734;6.592;0.1419;8.282;8.190;-8.479;0.50;-0.09;
2026-01-22 16:30:53.61;0.00:00:10:490;0.00;1.00;0.00;6.739;-0.02437;6.596;-0.01065;45.11;-0.05;97.88;0.16;97.88;6.739;6.596;0.1429;8.286;8.193;-8.448;0.50;-0.09;
2026-01-22 16:30:53.66;0.00:00:10:536;0.00;1.00;0.00;6.742;-0.02331;6.599;-0.01071;45.10;-0.05;97.88;0.16;97.88;6.742;6.599;0.1429;8.288;8.195;-8.450;0.50;-0.09;
2026-01-22 16:30:53.71;0.00:00:10:584;0.00;1.00;0.00;6.741;-0.0228;6.597;-0.01115;45.10;-0.05;97.86;0.17;97.86;6.741;6.597;0.144;8.288;8.194;-8.418;0.50;-0.10;
2026-01-22 16:30:53.75;0.00:00:10:629;0.00;1.00;0.00;6.738;-0.02254;6.595;-0.01146;45.10;-0.05;97.88;0.17;97.88;6.738;6.596;0.1427;8.285;8.192;-8.455;0.50;-0.10;
2026-01-22 16:30:53.80;0.00:00:10:676;0.00;1.00;0.00;6.735;-0.02427;6.592;-0.01096;45.11;-0.05;97.88;0.16;97.88;6.735;6.592;0.1426;8.283;8.190;-8.459;0.50;-0.10;
2026-01-22 16:30:53.85;0.00:00:10:722;0.00;1.00;0.00;6.736;-0.02402;6.594;-0.01075;45.10;-0.05;97.89;0.16;97.89;6.736;6.594;0.1422;8.284;8.192;-8.470;0.50;-0.09;
2026-01-22 16:30:53.89;0.00:00:10:770;0.00;1.00;0.00;6.735;-0.02383;6.593;-0.01114;45.10;-0.05;97.89;0.17;97.89;6.735;6.594;0.142;8.284;8.191;-8.478;0.50;-0.10;
2026-01-22 16:30:53.94;0.00:00:10:817;0.00;1.00;0.00;6.736;-0.02298;6.593;-0.01124;45.10;-0.05;97.88;0.17;97.88;6.736;6.593;0.1428;8.284;8.191;-8.452;0.50;-0.10;
2026-01-22 16:30:53.99;0.00:00:10:864;0.00;1.00;0.00;6.736;-0.0236;6.594;-0.01096;45.10;-0.05;97.89;0.16;97.89;6.736;6.594;0.1424;8.284;8.191;-8.464;0.50;-0.10;
2026-01-22 16:30:54.03;0.00:00:10:910;0.00;1.00;0.00;6.734;-0.02322;6.592;-0.01135;45.10;-0.05;97.89;0.17;97.89;6.734;6.592;0.142;8.283;8.190;-8.477;0.50;-0.10;
2026-01-22 16:30:54.08;0.00:00:10:958;0.00;1.00;0.00;6.728;-0.02306;6.586;-0.01122;45.10;-0.05;97.89;0.17;97.89;6.728;6.586;0.142;8.279;8.186;-8.478;0.50;-0.10;
2026-01-22 16:30:54.13;0.00:00:11:005;0.00;1.00;0.00;6.726;-0.02345;6.583;-0.01106;45.10;-0.05;97.87;0.16;97.87;6.726;6.583;0.1429;8.277;8.184;-8.449;0.50;-0.10;
2026-01-22 16:30:54.18;0.00:00:11:052;0.00;1.00;0.00;6.724;-0.02337;6.581;-0.01093;45.10;-0.05;97.88;0.16;97.88;6.724;6.581;0.1428;8.276;8.183;-8.453;0.50;-0.10;
2026-01-22 16:30:54.22;0.00:00:11:100;0.00;1.00;0.00;6.725;-0.0234;6.582;-0.01071;45.10;-0.05;97.88;0.16;97.88;6.725;6.582;0.1423;8.277;8.184;-8.467;0.50;-0.09;
2026-01-22 16:30:54.27;0.00:00:11:146;0.00;1.00;0.00;6.723;-0.02261;6.581;-0.01135;45.10;-0.05;97.90;0.17;97.90;6.723;6.582;0.1415;8.276;8.183;-8.494;0.50;-0.10;
2026-01-22 16:30:54.32;0.00:00:11:194;0.00;1.00;0.00;6.718;-0.02353;6.575;-0.01098;45.10;-0.05;97.88;0.16;97.88;6.718;6.575;0.1425;8.272;8.179;-8.461;0.50;-0.10;
2026-01-22 16:30:54.36;0.00:00:11:239;0.00;1.00;0.00;6.718;-0.02386;6.576;-0.01134;45.10;-0.05;97.88;0.17;97.88;6.718;6.576;0.1423;8.273;8.180;-8.469;0.50;-0.10;
2026-01-22 16:30:54.41;0.00:00:11:286;0.00;1.00;0.00;6.72;-0.02366;6.577;-0.01123;45.10;-0.05;97.88;0.17;97.88;6.72;6.577;0.1428;8.274;8.181;-8.453;0.50;-0.10;
2026-01-22 16:30:54.46;0.00:00:11:332;0.00;1.00;0.00;6.722;-0.02434;6.578;-0.01054;45.11;-0.05;97.87;0.16;97.87;6.722;6.579;0.1432;8.275;8.181;-8.442;0.50;-0.09;
2026-01-22 16:30:54.50;0.00:00:11:379;0.00;1.00;0.00;6.725;-0.02377;6.582;-0.01095;45.10;-0.05;97.87;0.16;97.87;6.725;6.582;0.1432;8.277;8.184;-8.442;0.50;-0.10;
2026-01-22 16:30:54.55;0.00:00:11:425;0.00;1.00;0.00;6.728;-0.02314;6.586;-0.01156;45.10;-0.05;97.88;0.17;97.88;6.728;6.586;0.1424;8.279;8.186;-8.466;0.50;-0.10;
2026-01-22 16:30:54.60;0.00:00:11:472;0.00;1.00;0.00;6.724;-0.02302;6.581;-0.01136;45.10;-0.05;97.88;0.17;97.88;6.724;6.581;0.1427;8.276;8.183;-8.455;0.50;-0.10;
2026-01-22 16:30:54.64;0.00:00:11:520;0.00;1.00;0.00;6.719;-0.02237;6.576;-0.01136;45.10;-0.05;97.88;0.17;97.88;6.719;6.576;0.1427;8.273;8.180;-8.457;0.50;-0.10;
2026-01-22 16:30:54.69;0.00:00:11:566;0.00;1.00;0.00;6.719;-0.02329;6.577;-0.01088;45.10;-0.05;97.88;0.16;97.88;6.719;6.577;0.1422;8.273;8.180;-8.472;0.50;-0.09;
2026-01-22 16:30:54.74;0.00:00:11:615;0.00;1.00;0.00;6.72;-0.02398;6.579;-0.01094;45.10;-0.05;97.90;0.16;97.90;6.72;6.579;0.1413;8.274;8.181;-8.499;0.50;-0.10;
2026-01-22 16:30:54.78;0.00:00:11:661;0.00;1.00;0.00;6.718;-0.02299;6.576;-0.01125;45.10;-0.05;97.89;0.17;97.89;6.718;6.576;0.1416;8.272;8.180;-8.489;0.50;-0.10;
2026-01-22 16:30:54.83;0.00:00:11:707;0.00;1.00;0.00;6.714;-0.02292;6.571;-0.0115;45.10;-0.05;97.87;0.17;97.87;6.714;6.571;0.1427;8.270;8.176;-8.456;0.50;-0.10;
2026-01-22 16:30:54.88;0.00:00:11:752;0.00;1.00;0.00;6.717;-0.02324;6.574;-0.01094;45.10;-0.05;97.87;0.16;97.87;6.717;6.574;0.1431;8.272;8.178;-8.445;0.50;-0.10;
2026-01-22 16:30:54.92;0.00:00:11:799;0.00;1.00;0.00;6.717;-0.02257;6.575;-0.01148;45.10;-0.05;97.88;0.17;97.88;6.717;6.575;0.1421;8.272;8.179;-8.474;0.50;-0.10;
2026-01-22 16:30:54.97;0.00:00:11:847;0.00;1.00;0.00;6.71;-0.02257;6.568;-0.01154;45.10;-0.05;97.88;0.17;97.88;6.71;6.568;0.1421;8.267;8.174;-8.475;0.50;-0.10;
2026-01-22 16:30:55.02;0.00:00:11:892;0.00;1.00;0.00;6.707;-0.02315;6.563;-0.01047;45.10;-0.05;97.85;0.16;97.85;6.707;6.563;0.1442;8.265;8.171;-8.412;0.50;-0.09;
2026-01-22 16:30:55.06;0.00:00:11:939;0.00;1.00;0.00;6.711;-0.02419;6.568;-0.01028;45.11;-0.04;97.87;0.15;97.87;6.711;6.568;0.143;8.268;8.174;-8.447;0.50;-0.09;
2026-01-22 16:30:55.11;0.00:00:11:986;0.00;1.00;0.00;6.721;-0.02359;6.579;-0.01037;45.10;-0.05;97.89;0.15;97.89;6.721;6.579;0.142;8.274;8.181;-8.478;0.50;-0.09;
2026-01-22 16:30:55.16;0.00:00:12:033;0.00;1.00;0.00;6.721;-0.02322;6.579;-0.01108;45.10;-0.05;97.88;0.16;97.88;6.721;6.579;0.1422;8.274;8.181;-8.471;0.50;-0.10;
2026-01-22 16:30:55.20;0.00:00:12:079;0.00;1.00;0.00;6.726;-0.02363;6.583;-0.01033;45.10;-0.04;97.88;0.15;97.88;6.726;6.583;0.1428;8.278;8.184;-8.453;0.50;-0.09;
2026-01-22 16:30:55.25;0.00:00:12:126;0.00;1.00;0.00;6.713;-0.02271;6.57;-0.01217;45.10;-0.05;97.88;0.18;97.88;6.713;6.57;0.1426;8.269;8.176;-8.458;0.50;-0.11;
2026-01-22 16:30:55.30;0.00:00:12:173;0.00;1.00;0.00;6.71;-0.02373;6.567;-0.01074;45.10;-0.05;97.88;0.16;97.88;6.71;6.567;0.1423;8.267;8.174;-8.467;0.50;-0.09;
2026-01-22 16:30:55.34;0.00:00:12:219;0.00;1.00;0.00;6.715;-0.02355;6.573;-0.01091;45.10;-0.05;97.88;0.16;97.88;6.715;6.573;0.1426;8.271;8.177;-8.460;0.50;-0.10;
2026-01-22 16:30:55.39;0.00:00:12:266;0.00;1.00;0.00;6.717;-0.02303;6.574;-0.01102;45.10;-0.05;97.88;0.16;97.88;6.717;6.574;0.1426;8.272;8.179;-8.460;0.50;-0.10;
2026-01-22 16:30:55.45;0.00:00:12:327;0.00;1.00;0.00;6.718;-0.02386;6.576;-0.01047;45.10;-0.05;97.88;0.16;97.88;6.718;6.576;0.1425;8.273;8.180;-8.461;0.50;-0.09;
2026-01-22 16:30:55.50;0.00:00:12:373;0.00;1.00;0.00;6.722;-0.02343;6.58;-0.01064;45.10;-0.05;97.88;0.16;97.88;6.722;6.58;0.1425;8.275;8.182;-8.461;0.50;-0.09;
2026-01-22 16:30:55.55;0.00:00:12:422;0.00;1.00;0.00;6.722;-0.02362;6.58;-0.01109;45.10;-0.05;97.89;0.16;97.89;6.722;6.581;0.1418;8.275;8.183;-8.482;0.50;-0.10;
2026-01-22 16:30:55.59;0.00:00:12:469;0.00;1.00;0.00;6.72;-0.02335;6.578;-0.0105;45.10;-0.05;97.88;0.16;97.88;6.72;6.578;0.1427;8.274;8.181;-8.456;0.50;-0.09;
2026-01-22 16:30:55.64;0.00:00:12:514;0.00;1.00;0.00;6.728;-0.02473;6.585;-0.01019;45.11;-0.04;97.88;0.15;97.88;6.728;6.585;0.1427;8.279;8.186;-8.455;0.50;-0.09;
2026-01-22 16:30:55.69;0.00:00:12:562;0.00;1.00;0.00;6.733;-0.02337;6.59;-0.01088;45.10;-0.05;97.88;0.16;97.87;6.733;6.59;0.1431;8.282;8.189;-8.444;0.50;-0.09;
2026-01-22 16:30:55.73;0.00:00:12:608;0.00;1.00;0.00;6.732;-0.02296;6.589;-0.01133;45.10;-0.05;97.87;0.17;97.87;6.732;6.589;0.1431;8.281;8.188;-8.444;0.50;-0.10;
2026-01-22 16:30:55.78;0.00:00:12:655;0.00;1.00;0.00;6.731;-0.02324;6.589;-0.01084;45.10;-0.05;97.89;0.16;97.89;6.731;6.589;0.142;8.281;8.188;-8.478;0.50;-0.09;
2026-01-22 16:30:55.83;0.00:00:12:702;0.00;1.00;0.00;6.729;-0.02415;6.586;-0.01093;45.11;-0.05;97.88;0.16;97.88;6.729;6.586;0.1426;8.279;8.186;-8.459;0.50;-0.10;
2026-01-22 16:30:55.87;0.00:00:12:748;0.00;1.00;0.00;6.734;-0.02416;6.59;-0.01124;45.11;-0.05;97.87;0.17;97.87;6.734;6.59;0.1432;8.282;8.189;-8.441;0.50;-0.10;
2026-01-22 16:30:55.92;0.00:00:12:796;0.00;1.00;0.00;6.737;-0.02336;6.594;-0.0111;45.10;-0.05;97.89;0.16;97.89;6.737;6.594;0.1422;8.284;8.192;-8.472;0.50;-0.10;
2026-01-22 16:30:55.98;0.00:00:12:857;0.00;1.00;0.00;6.73;-0.02297;6.588;-0.01192;45.10;-0.05;97.89;0.18;97.89;6.73;6.588;0.1419;8.280;8.187;-8.479;0.50;-0.10;
2026-01-22 16:30:56.03;0.00:00:12:903;0.00;1.00;0.00;6.715;-0.02306;6.572;-0.0113;45.10;-0.05;97.88;0.17;97.88;6.715;6.572;0.1425;8.270;8.177;-8.462;0.50;-0.10;
2026-01-22 16:30:56.07;0.00:00:12:951;0.00;1.00;0.00;6.716;-0.02302;6.573;-0.01101;45.10;-0.05;97.87;0.16;97.87;6.716;6.573;0.1428;8.271;8.177;-8.452;0.50;-0.10;
2026-01-22 16:30:56.12;0.00:00:12:998;0.00;1.00;0.00;6.722;-0.02418;6.58;-0.01025;45.11;-0.04;97.89;0.15;97.89;6.722;6.58;0.142;8.275;8.182;-8.476;0.50;-0.09;
2026-01-22 16:30:56.17;0.00:00:13:043;0.00;1.00;0.00;6.72;-0.02298;6.579;-0.01163;45.10;-0.05;97.90;0.17;97.90;6.72;6.579;0.1412;8.274;8.181;-8.501;0.50;-0.10;
2026-01-22 16:30:56.22;0.00:00:13:091;0.00;1.00;0.00;6.717;-0.02315;6.575;-0.01079;45.10;-0.05;97.89;0.16;97.89;6.717;6.575;0.142;8.272;8.179;-8.476;0.50;-0.09;
2026-01-22 16:30:56.26;0.00:00:13:137;0.00;1.00;0.00;6.712;-0.02375;6.568;-0.01054;45.10;-0.05;97.87;0.16;97.87;6.712;6.568;0.143;8.268;8.175;-8.446;0.50;-0.09;
2026-01-22 16:30:56.31;0.00:00:13:184;0.00;1.00;0.00;6.716;-0.02387;6.573;-0.01089;45.10;-0.05;97.88;0.16;97.88;6.716;6.573;0.1425;8.271;8.178;-8.463;0.50;-0.09;
2026-01-22 16:30:56.35;0.00:00:13:230;0.00;1.00;0.00;6.719;-0.02326;6.577;-0.01095;45.10;-0.05;97.88;0.16;97.88;6.719;6.577;0.1421;8.273;8.180;-8.474;0.50;-0.10;
2026-01-22 16:30:56.40;0.00:00:13:277;0.00;1.00;0.00;6.714;-0.02344;6.571;-0.01057;45.10;-0.05;97.87;0.16;97.87;6.714;6.571;0.1431;8.270;8.176;-8.444;0.50;-0.09;
2026-01-22 16:30:56.45;0.00:00:13:323;0.00;1.00;0.00;6.719;-0.02436;6.576;-0.01065;45.11;-0.05;97.88;0.16;97.88;6.719;6.576;0.1423;8.273;8.180;-8.469;0.50;-0.09;
2026-01-22 16:30:56.50;0.00:00:13:373;0.00;1.00;0.00;6.716;-0.02305;6.574;-0.01123;45.10;-0.05;97.88;0.17;97.88;6.716;6.574;0.142;8.271;8.178;-8.476;0.50;-0.10;
2026-01-22 16:30:56.55;0.00:00:13:423;0.00;1.00;0.00;6.714;-0.02265;6.572;-0.01151;45.10;-0.05;97.88;0.17;97.88;6.714;6.572;0.1422;8.270;8.177;-8.472;0.50;-0.10;
2026-01-22 16:30:56.60;0.00:00:13:473;0.00;1.00;0.00;6.719;-0.02399;6.577;-0.01068;45.10;-0.05;97.90;0.16;97.90;6.719;6.577;0.1413;8.273;8.180;-8.497;0.50;-0.09;
2026-01-22 16:30:56.65;0.00:00:13:524;0.00;1.00;0.00;6.721;-0.02377;6.579;-0.01088;45.10;-0.05;97.88;0.16;97.88;6.721;6.579;0.1422;8.274;8.181;-8.470;0.50;-0.09;
2026-01-22 16:30:56.70;0.00:00:13:574;0.00;1.00;0.00;6.718;-0.02346;6.575;-0.01139;45.10;-0.05;97.88;0.17;97.88;6.718;6.575;0.1425;8.272;8.179;-8.462;0.50;-0.10;
2026-01-22 16:30:56.75;0.00:00:13:626;0.00;1.00;0.00;6.718;-0.02317;6.576;-0.01102;45.10;-0.05;97.89;0.16;97.89;6.718;6.576;0.1418;8.272;8.180;-8.483;0.50;-0.10;
2026-01-22 16:30:56.80;0.00:00:13:676;0.00;1.00;0.00;6.716;-0.02356;6.572;-0.01132;45.10;-0.05;97.86;0.17;97.86;6.716;6.572;0.1437;8.271;8.177;-8.424;0.50;-0.10;
2026-01-22 16:30:56.85;0.00:00:13:729;0.00;1.00;0.00;6.72;-0.02369;6.578;-0.01075;45.10;-0.05;97.89;0.16;97.89;6.72;6.578;0.1418;8.274;8.181;-8.483;0.50;-0.09;
2026-01-22 16:30:56.90;0.00:00:13:779;0.00;1.00;0.00;6.717;-0.02351;6.574;-0.01123;45.10;-0.05;97.88;0.17;97.88;6.717;6.574;0.1424;8.272;8.179;-8.465;0.50;-0.10;
2026-01-22 16:30:56.95;0.00:00:13:831;0.00;1.00;0.00;6.714;-0.02313;6.571;-0.01153;45.10;-0.05;97.87;0.17;97.87;6.714;6.571;0.1433;8.270;8.176;-8.439;0.50;-0.10;
2026-01-22 16:30:57.00;0.00:00:13:880;0.00;1.00;0.00;6.715;-0.02392;6.57;-0.01019;45.10;-0.04;97.85;0.15;97.85;6.715;6.571;0.1442;8.270;8.176;-8.411;0.50;-0.09;
2026-01-22 16:30:57.05;0.00:00:13:931;0.00;1.00;0.00;6.718;-0.02369;6.575;-0.0111;45.10;-0.05;97.87;0.17;97.87;6.718;6.575;0.1429;8.272;8.179;-8.451;0.50;-0.10;
2026-01-22 16:30:57.11;0.00:00:13:982;0.00;1.00;0.00;6.715;-0.02324;6.572;-0.01134;45.10;-0.05;97.87;0.17;97.87;6.715;6.572;0.1429;8.271;8.177;-8.450;0.50;-0.10;
2026-01-22 16:30:57.16;0.00:00:14:034;0.00;1.00;0.00;6.718;-0.02386;6.575;-0.01053;45.10;-0.05;97.87;0.16;97.87;6.718;6.575;0.1431;8.273;8.179;-8.442;0.50;-0.09;
2026-01-22 16:30:57.21;0.00:00:14:084;0.00;1.00;0.00;6.731;-0.02465;6.587;-0.01055;45.11;-0.05;97.86;0.16;97.86;6.731;6.587;0.144;8.281;8.187;-8.417;0.50;-0.09;
2026-01-22 16:30:57.26;0.00:00:14:135;0.00;1.00;0.00;6.736;-0.02377;6.592;-0.01079;45.10;-0.05;97.87;0.16;97.87;6.736;6.592;0.1432;8.284;8.190;-8.440;0.50;-0.09;
2026-01-22 16:30:57.31;0.00:00:14:186;0.00;1.00;0.00;6.739;-0.02394;6.596;-0.01062;45.10;-0.05;97.88;0.16;97.88;6.739;6.596;0.1428;8.286;8.193;-8.453;0.50;-0.09;
2026-01-22 16:30:57.36;0.00:00:14:236;0.00;1.00;0.00;6.739;-0.02332;6.597;-0.0111;45.10;-0.05;97.88;0.16;97.88;6.739;6.597;0.1429;8.286;8.193;-8.451;0.50;-0.10;
2026-01-22 16:30:57.41;0.00:00:14:288;0.00;1.00;0.00;6.734;-0.02231;6.591;-0.01153;45.10;-0.05;97.87;0.17;97.87;6.734;6.591;0.1433;8.283;8.189;-8.436;0.50;-0.10;
2026-01-22 16:30:57.46;0.00:00:14:338;0.00;1.00;0.00;6.728;-0.0236;6.585;-0.01138;45.10;-0.05;97.88;0.17;97.88;6.728;6.585;0.1424;8.279;8.186;-8.463;0.50;-0.10;
2026-01-22 16:30:57.51;0.00:00:14:388;0.00;1.00;0.00;6.718;-0.02309;6.575;-0.01153;45.10;-0.05;97.86;0.17;97.86;6.718;6.575;0.1438;8.273;8.179;-8.422;0.50;-0.10;
2026-01-22 16:30:57.56;0.00:00:14:441;0.00;1.00;0.00;6.717;-0.02381;6.575;-0.01105;45.10;-0.05;97.87;0.16;97.87;6.717;6.575;0.1428;8.272;8.179;-8.454;0.50;-0.10;
2026-01-22 16:30:57.61;0.00:00:14:490;0.00;1.00;0.00;6.713;-0.02358;6.571;-0.01102;45.10;-0.05;97.88;0.16;97.88;6.713;6.571;0.1423;8.269;8.176;-8.468;0.50;-0.10;
2026-01-22 16:30:57.67;0.00:00:14:542;0.00;1.00;0.00;6.713;-0.02365;6.57;-0.01115;45.10;-0.05;97.86;0.17;97.86;6.713;6.57;0.1433;8.269;8.176;-8.436;0.50;-0.10;
2026-01-22 16:30:57.72;0.00:00:14:592;0.00;1.00;0.00;6.71;-0.02312;6.566;-0.01131;45.10;-0.05;97.87;0.17;97.87;6.71;6.566;0.1431;8.267;8.173;-8.443;0.50;-0.10;
2026-01-22 16:30:57.77;0.00:00:14:643;0.00;1.00;0.00;6.709;-0.02368;6.565;-0.01116;45.10;-0.05;97.86;0.17;97.86;6.709;6.565;0.1435;8.266;8.172;-8.431;0.50;-0.10;
2026-01-22 16:30:57.82;0.00:00:14:697;0.00;1.00;0.00;6.714;-0.02354;6.57;-0.0108;45.10;-0.05;97.86;0.16;97.86;6.714;6.57;0.1436;8.270;8.176;-8.430;0.50;-0.09;
2026-01-22 16:30:57.88;0.00:00:14:756;0.00;1.00;0.00;6.712;-0.02314;6.569;-0.01152;45.10;-0.05;97.88;0.17;97.88;6.712;6.569;0.1425;8.268;8.175;-8.463;0.50;-0.10;
2026-01-22 16:30:57.93;0.00:00:14:807;0.00;1.00;0.00;6.718;-0.02431;6.574;-0.0106;45.11;-0.05;97.87;0.16;97.87;6.718;6.575;0.1432;8.272;8.179;-8.440;0.50;-0.09;
2026-01-22 16:30:57.99;0.00:00:14:870;0.00;1.00;0.00;6.732;-0.0237;6.588;-0.01025;45.10;-0.04;97.86;0.15;97.86;6.732;6.588;0.1439;8.282;8.188;-8.421;0.50;-0.09;
2026-01-22 16:30:58.05;0.00:00:14:931;0.00;1.00;0.00;6.737;-0.02414;6.593;-0.01056;45.10;-0.05;97.87;0.16;97.87;6.737;6.593;0.1433;8.284;8.191;-8.438;0.50;-0.09;
2026-01-22 16:30:58.11;0.00:00:14:982;0.00;1.00;0.00;6.742;-0.02389;6.598;-0.01087;45.10;-0.05;97.85;0.16;97.85;6.742;6.598;0.1447;8.288;8.194;-8.396;0.50;-0.09;
2026-01-22 16:30:58.15;0.00:00:15:031;0.00;1.00;0.00;6.745;-0.02396;6.6;-0.01068;45.10;-0.05;97.84;0.16;97.84;6.745;6.6;0.1454;8.290;8.195;-8.373;0.50;-0.09;
2026-01-22 16:30:58.21;0.00:00:15:082;0.00;1.00;0.00;6.742;-0.02373;6.598;-0.01143;45.10;-0.05;97.86;0.17;97.86;6.742;6.598;0.1442;8.288;8.194;-8.411;0.50;-0.10;
2026-01-22 16:30:58.26;0.00:00:15:133;0.00;1.00;0.00;6.741;-0.02351;6.597;-0.01082;45.10;-0.05;97.86;0.16;97.86;6.741;6.597;0.1441;8.287;8.193;-8.412;0.50;-0.09;
2026-01-22 16:30:58.31;0.00:00:15:184;0.00;1.00;0.00;6.741;-0.02399;6.596;-0.01113;45.10;-0.05;97.85;0.17;97.85;6.741;6.596;0.145;8.287;8.193;-8.387;0.50;-0.10;
2026-01-22 16:30:58.36;0.00:00:15:235;0.00;1.00;0.00;6.741;-0.02301;6.597;-0.01121;45.10;-0.05;97.86;0.17;97.86;6.741;6.597;0.144;8.287;8.193;-8.417;0.50;-0.10;
2026-01-22 16:30:58.42;0.00:00:15:295;0.00;1.00;0.00;6.733;-0.02351;6.589;-0.01152;45.10;-0.05;97.87;0.17;97.87;6.733;6.589;0.1437;8.282;8.188;-8.426;0.50;-0.10;
2026-01-22 16:30:58.48;0.00:00:15:353;0.00;1.00;0.00;6.726;-0.0237;6.583;-0.01126;45.10;-0.05;97.87;0.17;97.87;6.726;6.583;0.1433;8.278;8.184;-8.437;0.50;-0.10;
2026-01-22 16:30:58.52;0.00:00:15:399;0.00;1.00;0.00;6.723;-0.02261;6.58;-0.01143;45.10;-0.05;97.87;0.17;97.87;6.723;6.58;0.1432;8.276;8.182;-8.441;0.50;-0.10;
2026-01-22 16:30:58.57;0.00:00:15:445;0.00;1.00;0.00;6.725;-0.02375;6.582;-0.01074;45.10;-0.05;97.88;0.16;97.88;6.725;6.582;0.1428;8.277;8.184;-8.454;0.50;-0.09;
2026-01-22 16:30:58.61;0.00:00:15:490;0.00;1.00;0.00;6.728;-0.02287;6.584;-0.01091;45.10;-0.05;97.87;0.16;97.87;6.728;6.584;0.1436;8.279;8.185;-8.429;0.50;-0.09;
2026-01-22 16:30:58.66;0.00:00:15:538;0.00;1.00;0.00;6.727;-0.02373;6.584;-0.01086;45.10;-0.05;97.87;0.16;97.87;6.727;6.584;0.1433;8.278;8.185;-8.438;0.50;-0.09;
2026-01-22 16:30:58.71;0.00:00:15:585;0.00;1.00;0.00;6.729;-0.02524;6.586;-0.0104;45.11;-0.05;97.87;0.15;97.87;6.729;6.586;0.1434;8.280;8.186;-8.435;0.50;-0.09;
2026-01-22 16:30:58.76;0.00:00:15:632;0.00;1.00;0.00;6.736;-0.02391;6.593;-0.01065;45.10;-0.05;97.87;0.16;97.87;6.736;6.593;0.1433;8.284;8.191;-8.438;0.50;-0.09;
2026-01-22 16:30:58.80;0.00:00:15:679;0.00;1.00;0.00;6.726;-0.02276;6.583;-0.01182;45.10;-0.05;97.86;0.18;97.86;6.726;6.583;0.1436;8.278;8.184;-8.428;0.50;-0.10;
2026-01-22 16:30:58.85;0.00:00:15:725;0.00;1.00;0.00;6.725;-0.02344;6.582;-0.01156;45.10;-0.05;97.88;0.17;97.88;6.725;6.583;0.1429;8.277;8.184;-8.450;0.50;-0.10;
2026-01-22 16:30:58.90;0.00:00:15:773;0.00;1.00;0.00;6.72;-0.02302;6.577;-0.01162;45.10;-0.05;97.87;0.17;97.87;6.72;6.577;0.1431;8.274;8.180;-8.443;0.50;-0.10;
2026-01-22 16:30:58.94;0.00:00:15:820;0.00;1.00;0.00;6.718;-0.02341;6.573;-0.01111;45.10;-0.05;97.85;0.17;97.85;6.718;6.573;0.1442;8.272;8.178;-8.410;0.50;-0.10;
2026-01-22 16:30:58.99;0.00:00:15:866;0.00;1.00;0.00;6.718;-0.02347;6.573;-0.01075;45.10;-0.05;97.84;0.16;97.84;6.718;6.573;0.1452;8.273;8.178;-8.379;0.50;-0.09;
2026-01-22 16:30:59.04;0.00:00:15:915;0.00;1.00;0.00;6.719;-0.02362;6.575;-0.01061;45.10;-0.05;97.86;0.16;97.86;6.719;6.575;0.1436;8.273;8.179;-8.429;0.50;-0.09;
2026-01-22 16:30:59.08;0.00:00:15:960;0.00;1.00;0.00;6.728;-0.02458;6.584;-0.00975;45.11;-0.04;97.86;0.14;97.86;6.728;6.584;0.1439;8.279;8.185;-8.418;0.50;-0.08;
2026-01-22 16:30:59.13;0.00:00:16:007;0.00;1.00;0.00;6.734;-0.02331;6.591;-0.01138;45.10;-0.05;97.88;0.17;97.88;6.734;6.591;0.1426;8.283;8.190;-8.457;0.50;-0.10;
2026-01-22 16:30:59.18;0.00:00:16:054;0.00;1.00;0.00;6.73;-0.02306;6.586;-0.01125;45.10;-0.05;97.87;0.17;97.87;6.73;6.586;0.1435;8.280;8.186;-8.431;0.50;-0.10;
2026-01-22 16:30:59.23;0.00:00:16:102;0.00;1.00;0.00;6.727;-0.02376;6.584;-0.0111;45.10;-0.05;97.88;0.16;97.88;6.727;6.584;0.1428;8.278;8.185;-8.454;0.50;-0.10;
2026-01-22 16:30:59.27;0.00:00:16:147;0.00;1.00;0.00;6.726;-0.02338;6.583;-0.01092;45.10;-0.05;97.87;0.16;97.87;6.726;6.583;0.1434;8.278;8.184;-8.433;0.50;-0.10;
2026-01-22 16:30:59.33;0.00:00:16:209;0.00;1.00;0.00;6.729;-0.02354;6.587;-0.01107;45.10;-0.05;97.88;0.16;97.88;6.729;6.587;0.1425;8.280;8.187;-8.463;0.50;-0.10;
2026-01-22 16:30:59.38;0.00:00:16:255;0.00;1.00;0.00;6.727;-0.02363;6.583;-0.01082;45.10;-0.05;97.86;0.16;97.86;6.727;6.583;0.1438;8.278;8.185;-8.422;0.50;-0.09;
2026-01-22 16:30:59.43;0.00:00:16:302;0.00;1.00;0.00;6.729;-0.02354;6.585;-0.01125;45.10;-0.05;97.86;0.17;97.86;6.729;6.585;0.1442;8.279;8.185;-8.409;0.50;-0.10;
2026-01-22 16:30:59.47;0.00:00:16:349;0.00;1.00;0.00;6.731;-0.02432;6.587;-0.01081;45.11;-0.05;97.86;0.16;97.86;6.731;6.587;0.1442;8.281;8.187;-8.409;0.50;-0.09;
2026-01-22 16:30:59.52;0.00:00:16:396;0.00;1.00;0.00;6.734;-0.02338;6.59;-0.01088;45.10;-0.05;97.86;0.16;97.86;6.734;6.59;0.1441;8.283;8.189;-8.412;0.50;-0.09;
2026-01-22 16:30:59.57;0.00:00:16:443;0.00;1.00;0.00;6.736;-0.02411;6.594;-0.01082;45.10;-0.05;97.90;0.16;97.90;6.736;6.594;0.1417;8.284;8.192;-8.485;0.50;-0.09;
2026-01-22 16:30:59.61;0.00:00:16:489;0.00;1.00;0.00;6.736;-0.02356;6.593;-0.011;45.10;-0.05;97.88;0.16;97.88;6.736;6.593;0.1427;8.284;8.191;-8.456;0.50;-0.10;
2026-01-22 16:30:59.67;0.00:00:16:550;0.00;1.00;0.00;6.728;-0.02333;6.586;-0.01146;45.10;-0.05;97.89;0.17;97.89;6.728;6.586;0.1417;8.279;8.186;-8.488;0.50;-0.10;
2026-01-22 16:30:59.72;0.00:00:16:598;0.00;1.00;0.00;6.724;-0.02397;6.581;-0.0107;45.10;-0.05;97.88;0.16;97.88;6.724;6.581;0.1424;8.276;8.183;-8.464;0.50;-0.09;
2026-01-22 16:30:59.77;0.00:00:16:644;0.00;1.00;0.00;6.726;-0.02386;6.582;-0.0112;45.10;-0.05;97.87;0.17;97.87;6.726;6.582;0.1434;8.277;8.184;-8.433;0.50;-0.10;
2026-01-22 16:30:59.81;0.00:00:16:691;0.00;1.00;0.00;6.727;-0.02345;6.584;-0.01099;45.10;-0.05;97.87;0.16;97.87;6.727;6.584;0.143;8.278;8.185;-8.448;0.50;-0.10;
2026-01-22 16:30:59.86;0.00:00:16:737;0.00;1.00;0.00;6.727;-0.02313;6.584;-0.01139;45.10;-0.05;97.87;0.17;97.87;6.727;6.584;0.1431;8.278;8.185;-8.445;0.50;-0.10;
2026-01-22 16:30:59.91;0.00:00:16:786;0.00;1.00;0.00;6.723;-0.02371;6.581;-0.01123;45.10;-0.05;97.88;0.17;97.88;6.723;6.581;0.1427;8.276;8.183;-8.457;0.50;-0.10;
2026-01-22 16:30:59.96;0.00:00:16:832;0.00;1.00;0.00;6.723;-0.02329;6.58;-0.01133;45.10;-0.05;97.87;0.17;97.87;6.723;6.58;0.143;8.275;8.182;-8.448;0.50;-0.10;
2026-01-22 16:31:00.00;0.00:00:16:878;0.00;1.00;0.00;6.723;-0.02439;6.581;-0.0107;45.11;-0.05;97.88;0.16;97.88;6.723;6.581;0.1427;8.276;8.183;-8.455;0.50;-0.09;
2026-01-22 16:31:00.05;0.00:00:16:925;0.00;1.00;0.00;6.723;-0.02347;6.58;-0.01173;45.10;-0.05;97.89;0.17;97.89;6.723;6.581;0.142;8.275;8.183;-8.476;0.50;-0.10;
2026-01-22 16:31:00.10;0.00:00:16:973;0.00;1.00;0.00;6.713;-0.02389;6.57;-0.01094;45.10;-0.05;97.87;0.16;97.87;6.713;6.571;0.1429;8.269;8.176;-8.451;0.50;-0.10;
2026-01-22 16:31:00.14;0.00:00:17:019;0.00;1.00;0.00;6.721;-0.02403;6.579;-0.01015;45.10;-0.04;97.88;0.15;97.88;6.721;6.579;0.1427;8.275;8.181;-8.457;0.50;-0.09;
2026-01-22 16:31:00.19;0.00:00:17:067;0.00;1.00;0.00;6.726;-0.02365;6.584;-0.01071;45.10;-0.05;97.89;0.16;97.89;6.726;6.584;0.1421;8.278;8.185;-8.474;0.50;-0.09;
2026-01-22 16:31:00.24;0.00:00:17:114;0.00;1.00;0.00;6.73;-0.0236;6.587;-0.01075;45.10;-0.05;97.87;0.16;97.87;6.73;6.587;0.1436;8.280;8.187;-8.428;0.50;-0.09;
2026-01-22 16:31:00.29;0.00:00:17:162;0.00;1.00;0.00;6.736;-0.02363;6.592;-0.01074;45.10;-0.05;97.88;0.16;97.87;6.736;6.592;0.1431;8.284;8.190;-8.443;0.50;-0.09;
2026-01-22 16:31:00.33;0.00:00:17:209;0.00;1.00;0.00;6.732;-0.02355;6.589;-0.0108;45.10;-0.05;97.87;0.16;97.87;6.732;6.589;0.1431;8.281;8.188;-8.443;0.50;-0.09;
2026-01-22 16:31:00.38;0.00:00:17:256;0.00;1.00;0.00;6.734;-0.02363;6.592;-0.01166;45.10;-0.05;97.88;0.17;97.88;6.734;6.592;0.1426;8.283;8.190;-8.459;0.50;-0.10;
2026-01-22 16:31:00.43;0.00:00:17:303;0.00;1.00;0.00;6.732;-0.02307;6.589;-0.01176;45.10;-0.05;97.88;0.17;97.88;6.732;6.59;0.1428;8.282;8.189;-8.452;0.50;-0.10;
2026-01-22 16:31:00.47;0.00:00:17:350;0.00;1.00;0.00;6.727;-0.02321;6.585;-0.01132;45.10;-0.05;97.89;0.17;97.89;6.727;6.585;0.1418;8.278;8.185;-8.485;0.50;-0.10;
2026-01-22 16:31:00.52;0.00:00:17:396;0.00;1.00;0.00;6.726;-0.02367;6.583;-0.0111;45.10;-0.05;97.87;0.17;97.87;6.726;6.583;0.143;8.277;8.184;-8.447;0.50;-0.10;
2026-01-22 16:31:00.57;0.00:00:17:443;0.00;1.00;0.00;6.726;-0.02357;6.583;-0.01123;45.10;-0.05;97.87;0.17;97.87;6.726;6.583;0.1435;8.278;8.184;-8.431;0.50;-0.10;
2026-01-22 16:31:00.61;0.00:00:17:489;0.00;1.00;0.00;6.725;-0.02312;6.582;-0.01116;45.10;-0.05;97.87;0.17;97.87;6.725;6.582;0.1433;8.277;8.184;-8.436;0.50;-0.10;
2026-01-22 16:31:00.66;0.00:00:17:537;0.00;1.00;0.00;6.726;-0.02344;6.583;-0.01105;45.10;-0.05;97.88;0.16;97.88;6.726;6.583;0.1427;8.277;8.184;-8.456;0.50;-0.10;
2026-01-22 16:31:00.71;0.00:00:17:582;0.00;1.00;0.00;6.717;-0.02278;6.574;-0.01205;45.10;-0.05;97.88;0.18;97.88;6.717;6.574;0.1423;8.271;8.178;-8.467;0.50;-0.11;
2026-01-22 16:31:00.75;0.00:00:17:628;0.00;1.00;0.00;6.713;-0.02406;6.57;-0.01114;45.10;-0.05;97.88;0.17;97.88;6.713;6.57;0.1426;8.269;8.176;-8.458;0.50;-0.10;
2026-01-22 16:31:00.80;0.00:00:17:675;0.00;1.00;0.00;6.718;-0.0244;6.575;-0.01072;45.11;-0.05;97.87;0.16;97.87;6.718;6.575;0.1428;8.272;8.179;-8.452;0.50;-0.09;
2026-01-22 16:31:00.85;0.00:00:17:724;0.00;1.00;0.00;6.723;-0.02311;6.579;-0.01128;45.10;-0.05;97.86;0.17;97.86;6.723;6.579;0.1436;8.276;8.182;-8.429;0.50;-0.10;
2026-01-22 16:31:00.89;0.00:00:17:771;0.00;1.00;0.00;6.723;-0.024;6.58;-0.01091;45.10;-0.05;97.88;0.16;97.88;6.723;6.58;0.1426;8.275;8.182;-8.457;0.50;-0.09;
2026-01-22 16:31:00.94;0.00:00:17:817;0.00;1.00;0.00;6.727;-0.02416;6.585;-0.01127;45.11;-0.05;97.89;0.17;97.89;6.727;6.585;0.1421;8.278;8.186;-8.474;0.50;-0.10;
2026-01-22 16:31:00.99;0.00:00:17:864;0.00;1.00;0.00;6.728;-0.02444;6.585;-0.01063;45.11;-0.05;97.88;0.16;97.88;6.728;6.585;0.1425;8.279;8.186;-8.461;0.50;-0.09;
2026-01-22 16:31:01.03;0.00:00:17:909;0.00;1.00;0.00;6.728;-0.02332;6.585;-0.0115;45.10;-0.05;97.88;0.17;97.88;6.728;6.585;0.1427;8.279;8.185;-8.455;0.50;-0.10;
2026-01-22 16:31:01.08;0.00:00:17:957;0.00;1.00;0.00;6.731;-0.02455;6.589;-0.01121;45.11;-0.05;97.89;0.17;97.89;6.731;6.589;0.1419;8.281;8.188;-8.481;0.50;-0.10;
2026-01-22 16:31:01.13;0.00:00:18:004;0.00;1.00;0.00;6.727;-0.0231;6.585;-0.01144;45.10;-0.05;97.89;0.17;97.89;6.727;6.585;0.1422;8.278;8.185;-8.471;0.50;-0.10;
2026-01-22 16:31:01.18;0.00:00:18:053;0.00;1.00;0.00;6.717;-0.0231;6.575;-0.01192;45.10;-0.05;97.88;0.18;97.88;6.717;6.575;0.1423;8.272;8.179;-8.467;0.50;-0.10;
2026-01-22 16:31:01.24;0.00:00:18:113;0.00;1.00;0.00;6.715;-0.02364;6.573;-0.01144;45.10;-0.05;97.88;0.17;97.88;6.715;6.573;0.1421;8.270;8.177;-8.474;0.50;-0.10;
2026-01-22 16:31:01.29;0.00:00:18:162;0.00;1.00;0.00;6.713;-0.02374;6.57;-0.01104;45.10;-0.05;97.87;0.16;97.87;6.713;6.57;0.1429;8.269;8.176;-8.449;0.50;-0.10;
2026-01-22 16:31:01.33;0.00:00:18:208;0.00;1.00;0.00;6.724;-0.02566;6.582;-0.01001;45.11;-0.04;97.88;0.15;97.88;6.724;6.582;0.1425;8.276;8.183;-8.463;0.50;-0.09;
2026-01-22 16:31:01.38;0.00:00:18:255;0.00;1.00;0.00;6.731;-0.02397;6.589;-0.01108;45.10;-0.05;97.88;0.16;97.88;6.731;6.589;0.1425;8.281;8.188;-8.462;0.50;-0.10;
2026-01-22 16:31:01.42;0.00:00:18:300;0.00;1.00;0.00;6.729;-0.02409;6.586;-0.01127;45.10;-0.05;97.87;0.17;97.87;6.729;6.586;0.1431;8.280;8.186;-8.443;0.50;-0.10;
2026-01-22 16:31:01.47;0.00:00:18:347;0.00;1.00;0.00;6.73;-0.02382;6.588;-0.01101;45.10;-0.05;97.88;0.16;97.88;6.73;6.588;0.1423;8.280;8.187;-8.466;0.50;-0.10;
2026-01-22 16:31:01.52;0.00:00:18:394;0.00;1.00;0.00;6.727;-0.02318;6.584;-0.0115;45.10;-0.05;97.87;0.17;97.87;6.727;6.584;0.1432;8.278;8.185;-8.440;0.50;-0.10;
2026-01-22 16:31:01.56;0.00:00:18:441;0.00;1.00;0.00;6.728;-0.02341;6.585;-0.01084;45.10;-0.05;97.87;0.16;97.87;6.728;6.585;0.1432;8.279;8.186;-8.441;0.50;-0.09;
2026-01-22 16:31:01.61;0.00:00:18:486;0.00;1.00;0.00;6.729;-0.02306;6.585;-0.01126;45.10;-0.05;97.87;0.17;97.87;6.729;6.585;0.1436;8.280;8.186;-8.428;0.50;-0.10;
2026-01-22 16:31:01.66;0.00:00:18:532;0.00;1.00;0.00;6.724;-0.02409;6.582;-0.01093;45.10;-0.05;97.88;0.16;97.88;6.724;6.582;0.1424;8.277;8.184;-8.465;0.50;-0.10;
2026-01-22 16:31:01.70;0.00:00:18:580;0.00;1.00;0.00;6.725;-0.02351;6.583;-0.01113;45.10;-0.05;97.88;0.17;97.88;6.725;6.583;0.1425;8.277;8.184;-8.463;0.50;-0.10;
2026-01-22 16:31:01.75;0.00:00:18:628;0.00;1.00;0.00;6.726;-0.02429;6.584;-0.01109;45.11;-0.05;97.89;0.16;97.89;6.726;6.584;0.1421;8.278;8.185;-8.474;0.50;-0.10;
2026-01-22 16:31:01.80;0.00:00:18:675;0.00;1.00;0.00;6.73;-0.02379;6.587;-0.01133;45.10;-0.05;97.88;0.17;97.88;6.73;6.587;0.1426;8.280;8.187;-8.460;0.50;-0.10;
2026-01-22 16:31:01.85;0.00:00:18:722;0.00;1.00;0.00;6.726;-0.02369;6.584;-0.01182;45.10;-0.05;97.89;0.18;97.89;6.726;6.584;0.142;8.278;8.185;-8.478;0.50;-0.10;
2026-01-22 16:31:01.89;0.00:00:18:768;0.00;1.00;0.00;6.723;-0.02412;6.58;-0.01084;45.11;-0.05;97.87;0.16;97.87;6.723;6.58;0.143;8.276;8.183;-8.447;0.50;-0.09;
2026-01-22 16:31:01.94;0.00:00:18:816;0.00;1.00;0.00;6.726;-0.02414;6.584;-0.0114;45.11;-0.05;97.89;0.17;97.89;6.726;6.584;0.1418;8.278;8.185;-8.483;0.50;-0.10;
2026-01-22 16:31:01.99;0.00:00:18:862;0.00;1.00;0.00;6.726;-0.02389;6.584;-0.0114;45.10;-0.05;97.88;0.17;97.88;6.726;6.584;0.1425;8.278;8.185;-8.462;0.50;-0.10;
2026-01-22 16:31:02.03;0.00:00:18:910;0.00;1.00;0.00;6.732;-0.0241;6.589;-0.01102;45.10;-0.05;97.87;0.16;97.87;6.732;6.589;0.1434;8.282;8.188;-8.435;0.50;-0.10;
2026-01-22 16:31:02.08;0.00:00:18:957;0.00;1.00;0.00;6.732;-0.02355;6.589;-0.01145;45.10;-0.05;97.87;0.17;97.87;6.732;6.589;0.1433;8.282;8.188;-8.437;0.50;-0.10;
2026-01-22 16:31:02.13;0.00:00:19:004;0.00;1.00;0.00;6.722;-0.0231;6.58;-0.01194;45.10;-0.05;97.88;0.18;97.88;6.722;6.58;0.1423;8.275;8.182;-8.469;0.50;-0.10;
2026-01-22 16:31:02.18;0.00:00:19:053;0.00;1.00;0.00;6.72;-0.02465;6.577;-0.01096;45.11;-0.05;97.87;0.16;97.87;6.72;6.577;0.1435;8.274;8.180;-8.433;0.50;-0.10;
2026-01-22 16:31:02.22;0.00:00:19:101;0.00;1.00;0.00;6.727;-0.02498;6.584;-0.01057;45.11;-0.05;97.88;0.16;97.88;6.727;6.585;0.1424;8.278;8.185;-8.466;0.50;-0.09;
2026-01-22 16:31:02.27;0.00:00:19:148;0.00;1.00;0.00;6.727;-0.02242;6.584;-0.01156;45.10;-0.05;97.87;0.17;97.87;6.727;6.584;0.1432;8.278;8.185;-8.442;0.50;-0.10;
2026-01-22 16:31:02.32;0.00:00:19:196;0.00;1.00;0.00;6.724;-0.02327;6.581;-0.0113;45.10;-0.05;97.87;0.17;97.87;6.724;6.581;0.1431;8.276;8.183;-8.442;0.50;-0.10;
2026-01-22 16:31:02.37;0.00:00:19:242;0.00;1.00;0.00;6.716;-0.02319;6.573;-0.01174;45.10;-0.05;97.87;0.17;97.87;6.716;6.573;0.1431;8.271;8.178;-8.444;0.50;-0.10;
2026-01-22 16:31:02.41;0.00:00:19:290;0.00;1.00;0.00;6.714;-0.02432;6.572;-0.01122;45.11;-0.05;97.88;0.17;97.88;6.714;6.572;0.1426;8.270;8.177;-8.458;0.50;-0.10;
2026-01-22 16:31:02.46;0.00:00:19:340;0.00;1.00;0.00;6.72;-0.02494;6.576;-0.01064;45.11;-0.05;97.86;0.16;97.86;6.72;6.576;0.144;8.274;8.179;-8.416;0.50;-0.09;
2026-01-22 16:31:02.52;0.00:00:19:392;0.00;1.00;0.00;6.725;-0.02384;6.582;-0.01112;45.10;-0.05;97.87;0.17;97.87;6.725;6.582;0.1431;8.277;8.184;-8.443;0.50;-0.10;
2026-01-22 16:31:02.57;0.00:00:19:442;0.00;1.00;0.00;6.719;-0.02397;6.577;-0.01159;45.10;-0.05;97.90;0.17;97.90;6.719;6.577;0.1414;8.273;8.181;-8.496;0.50;-0.10;
2026-01-22 16:31:02.62;0.00:00:19:494;0.00;1.00;0.00;6.716;-0.0241;6.575;-0.01126;45.11;-0.05;97.89;0.17;97.89;6.716;6.575;0.1416;8.271;8.179;-8.490;0.50;-0.10;
2026-01-22 16:31:02.67;0.00:00:19:545;0.00;1.00;0.00;6.724;-0.02426;6.582;-0.01139;45.11;-0.05;97.89;0.17;97.89;6.724;6.582;0.142;8.276;8.184;-8.478;0.50;-0.10;
2026-01-22 16:31:02.72;0.00:00:19:597;0.00;1.00;0.00;6.724;-0.02396;6.581;-0.01119;45.10;-0.05;97.88;0.17;97.88;6.724;6.581;0.1423;8.276;8.183;-8.467;0.50;-0.10;
2026-01-22 16:31:02.77;0.00:00:19:649;0.00;1.00;0.00;6.726;-0.02444;6.583;-0.01115;45.11;-0.05;97.87;0.17;97.87;6.726;6.583;0.143;8.277;8.184;-8.446;0.50;-0.10;
2026-01-22 16:31:02.83;0.00:00:19:707;0.00;1.00;0.00;6.728;-0.02383;6.584;-0.01142;45.10;-0.05;97.87;0.17;97.87;6.728;6.584;0.1436;8.279;8.185;-8.430;0.50;-0.10;
2026-01-22 16:31:02.87;0.00:00:19:750;0.00;1.00;0.00;6.736;-0.02479;6.594;-0.01034;45.11;-0.04;97.88;0.15;97.88;6.736;6.594;0.1428;8.284;8.191;-8.452;0.50;-0.09;
2026-01-22 16:31:02.93;0.00:00:19:801;0.00;1.00;0.00;6.74;-0.02335;6.596;-0.01146;45.10;-0.05;97.87;0.17;97.87;6.74;6.596;0.1435;8.287;8.193;-8.431;0.50;-0.10;
2026-01-22 16:31:02.98;0.00:00:19:852;0.00;1.00;0.00;6.737;-0.02353;6.595;-0.01087;45.10;-0.05;97.88;0.16;97.88;6.737;6.595;0.1428;8.285;8.192;-8.451;0.50;-0.09;
2026-01-22 16:31:03.03;0.00:00:19:903;0.00;1.00;0.00;6.737;-0.02407;6.594;-0.0113;45.10;-0.05;97.89;0.17;97.89;6.737;6.594;0.1422;8.284;8.192;-8.470;0.50;-0.10;
2026-01-22 16:31:03.08;0.00:00:19:955;0.00;1.00;0.00;6.734;-0.02366;6.591;-0.01117;45.10;-0.05;97.88;0.17;97.88;6.734;6.591;0.1425;8.283;8.190;-8.462;0.50;-0.10;
2026-01-22 16:31:03.13;0.00:00:20:005;0.00;1.00;0.00;6.733;-0.02407;6.591;-0.01126;45.10;-0.05;97.88;0.17;97.88;6.733;6.591;0.1425;8.282;8.189;-8.462;0.50;-0.10;
2026-01-22 16:31:03.18;0.00:00:20:058;0.00;1.00;0.00;6.736;-0.02326;6.593;-0.01129;45.10;-0.05;97.88;0.17;97.88;6.736;6.593;0.1426;8.284;8.191;-8.458;0.50;-0.10;
2026-01-22 16:31:03.23;0.00:00:20:107;0.00;1.00;0.00;6.731;-0.02337;6.588;-0.01194;45.10;-0.05;97.87;0.18;97.87;6.731;6.588;0.1432;8.281;8.188;-8.442;0.50;-0.10;
2026-01-22 16:31:03.28;0.00:00:20:160;0.00;1.00;0.00;6.73;-0.02356;6.587;-0.0116;45.10;-0.05;97.87;0.17;97.87;6.73;6.587;0.1432;8.280;8.187;-8.441;0.50;-0.10;
2026-01-22 16:31:03.33;0.00:00:20:211;0.00;1.00;0.00;6.729;-0.02377;6.587;-0.01174;45.10;-0.05;97.89;0.17;97.89;6.729;6.587;0.1422;8.280;8.187;-8.471;0.50;-0.10;
2026-01-22 16:31:03.39;0.00:00:20:262;0.00;1.00;0.00;6.721;-0.02268;6.579;-0.0119;45.10;-0.05;97.89;0.18;97.89;6.721;6.579;0.1419;8.275;8.182;-8.480;0.50;-0.10;
2026-01-22 16:31:03.44;0.00:00:20:313;0.00;1.00;0.00;6.716;-0.02393;6.573;-0.01101;45.10;-0.05;97.88;0.16;97.88;6.716;6.573;0.1423;8.271;8.178;-8.469;0.50;-0.10;
2026-01-22 16:31:03.49;0.00:00:20:365;0.00;1.00;0.00;6.712;-0.02381;6.569;-0.01085;45.10;-0.05;97.87;0.16;97.87;6.712;6.569;0.1431;8.268;8.175;-8.445;0.50;-0.09;
2026-01-22 16:31:03.54;0.00:00:20:415;0.00;1.00;0.00;6.725;-0.02578;6.582;-0.01008;45.11;-0.04;97.87;0.15;97.87;6.725;6.582;0.143;8.277;8.183;-8.448;0.50;-0.09;
2026-01-22 16:31:03.59;0.00:00:20:468;0.00;1.00;0.00;6.73;-0.02407;6.588;-0.01147;45.10;-0.05;97.89;0.17;97.89;6.73;6.588;0.1422;8.280;8.188;-8.470;0.50;-0.10;
2026-01-22 16:31:03.64;0.00:00:20:517;0.00;1.00;0.00;6.729;-0.02315;6.586;-0.01188;45.10;-0.05;97.88;0.18;97.88;6.729;6.586;0.1427;8.279;8.186;-8.455;0.50;-0.10;
2026-01-22 16:31:03.69;0.00:00:20:569;0.00;1.00;0.00;6.717;-0.02406;6.575;-0.01141;45.10;-0.05;97.89;0.17;97.89;6.717;6.575;0.1421;8.272;8.179;-8.475;0.50;-0.10;
2026-01-22 16:31:03.75;0.00:00:20:631;0.00;1.00;0.00;6.718;-0.024;6.577;-0.01171;45.10;-0.05;97.89;0.17;97.89;6.718;6.577;0.1416;8.273;8.180;-8.489;0.50;-0.10;
2026-01-22 16:31:03.80;0.00:00:20:678;0.00;1.00;0.00;6.713;-0.02363;6.57;-0.01208;45.10;-0.05;97.88;0.18;97.88;6.713;6.57;0.1424;8.269;8.176;-8.465;0.50;-0.11;
2026-01-22 16:31:03.86;0.00:00:20:733;0.00;1.00;0.00;6.71;-0.02373;6.567;-0.01091;45.10;-0.05;97.86;0.16;97.86;6.71;6.567;0.1434;8.267;8.173;-8.433;0.50;-0.10;
2026-01-22 16:31:03.91;0.00:00:20:782;0.00;1.00;0.00;6.716;-0.02449;6.573;-0.01086;45.11;-0.05;97.87;0.16;97.87;6.716;6.573;0.1433;8.271;8.178;-8.438;0.50;-0.09;
2026-01-22 16:31:03.96;0.00:00:20:833;0.00;1.00;0.00;6.721;-0.02358;6.579;-0.01135;45.10;-0.05;97.89;0.17;97.89;6.721;6.579;0.1421;8.274;8.182;-8.474;0.50;-0.10;
2026-01-22 16:31:04.02;0.00:00:20:894;0.00;1.00;0.00;6.721;-0.02448;6.577;-0.01107;45.11;-0.05;97.86;0.16;97.86;6.721;6.578;0.1437;8.274;8.181;-8.425;0.50;-0.10;
2026-01-22 16:31:04.07;0.00:00:20:944;0.00;1.00;0.00;6.726;-0.02475;6.582;-0.0109;45.11;-0.05;97.87;0.16;97.87;6.726;6.583;0.1435;8.278;8.184;-8.432;0.50;-0.09;
2026-01-22 16:31:04.12;0.00:00:20:995;0.00;1.00;0.00;6.73;-0.02349;6.587;-0.01169;45.10;-0.05;97.88;0.17;97.88;6.73;6.587;0.1429;8.280;8.187;-8.450;0.50;-0.10;
2026-01-22 16:31:04.17;0.00:00:21:046;0.00;1.00;0.00;6.728;-0.02443;6.585;-0.01132;45.11;-0.05;97.88;0.17;97.87;6.728;6.585;0.143;8.279;8.186;-8.448;0.50;-0.10;
2026-01-22 16:31:04.22;0.00:00:21:097;0.00;1.00;0.00;6.729;-0.02394;6.586;-0.01134;45.10;-0.05;97.88;0.17;97.88;6.729;6.586;0.1429;8.279;8.186;-8.450;0.50;-0.10;
2026-01-22 16:31:04.27;0.00:00:21:150;0.00;1.00;0.00;6.728;-0.02355;6.585;-0.01185;45.10;-0.05;97.88;0.18;97.88;6.728;6.585;0.1426;8.279;8.186;-8.459;0.50;-0.10;
2026-01-22 16:31:04.32;0.00:00:21:199;0.00;1.00;0.00;6.722;-0.02444;6.58;-0.01123;45.11;-0.05;97.88;0.17;97.88;6.722;6.58;0.1423;8.275;8.182;-8.467;0.50;-0.10;
2026-01-22 16:31:04.37;0.00:00:21:251;0.00;1.00;0.00;6.727;-0.02444;6.585;-0.01123;45.11;-0.05;97.89;0.17;97.89;6.727;6.586;0.1418;8.278;8.186;-8.484;0.50;-0.10;
2026-01-22 16:31:04.43;0.00:00:21:303;0.00;1.00;0.00;6.732;-0.02463;6.589;-0.01108;45.11;-0.05;97.87;0.16;97.87;6.732;6.589;0.1431;8.282;8.188;-8.442;0.50;-0.10;
2026-01-22 16:31:04.47;0.00:00:21:348;0.00;1.00;0.00;6.734;-0.02396;6.591;-0.01102;45.10;-0.05;97.88;0.16;97.88;6.734;6.591;0.143;8.283;8.190;-8.446;0.50;-0.10;
2026-01-22 16:31:04.52;0.00:00:21:396;0.00;1.00;0.00;6.731;-0.02344;6.588;-0.01163;45.10;-0.05;97.88;0.17;97.88;6.731;6.588;0.1425;8.281;8.188;-8.461;0.50;-0.10;
2026-01-22 16:31:04.57;0.00:00:21:442;0.00;1.00;0.00;6.727;-0.02368;6.583;-0.01166;45.10;-0.05;97.87;0.17;97.87;6.727;6.583;0.1432;8.278;8.185;-8.440;0.50;-0.10;
2026-01-22 16:31:04.61;0.00:00:21:489;0.00;1.00;0.00;6.725;-0.02354;6.582;-0.01151;45.10;-0.05;97.87;0.17;97.87;6.725;6.582;0.1429;8.277;8.183;-8.449;0.50;-0.10;
2026-01-22 16:31:04.66;0.00:00:21:537;0.00;1.00;0.00;6.723;-0.02353;6.579;-0.01143;45.10;-0.05;97.87;0.17;97.87;6.723;6.579;0.1434;8.275;8.182;-8.433;0.50;-0.10;
2026-01-22 16:31:04.71;0.00:00:21:583;0.00;1.00;0.00;6.723;-0.02482;6.58;-0.01117;45.11;-0.05;97.88;0.17;97.88;6.723;6.58;0.1422;8.275;8.183;-8.470;0.50;-0.10;
2026-01-22 16:31:04.75;0.00:00:21:630;0.00;1.00;0.00;6.726;-0.02439;6.583;-0.01076;45.11;-0.05;97.87;0.16;97.87;6.726;6.583;0.1429;8.278;8.184;-8.448;0.50;-0.09;
2026-01-22 16:31:04.80;0.00:00:21:678;0.00;1.00;0.00;6.728;-0.02382;6.584;-0.01157;45.10;-0.05;97.86;0.17;97.86;6.728;6.584;0.144;8.279;8.185;-8.418;0.50;-0.10;
2026-01-22 16:31:04.85;0.00:00:21:726;0.00;1.00;0.00;6.729;-0.02366;6.586;-0.01143;45.10;-0.05;97.87;0.17;97.87;6.729;6.586;0.1432;8.279;8.186;-8.441;0.50;-0.10;
2026-01-22 16:31:04.89;0.00:00:21:771;0.00;1.00;0.00;6.73;-0.02372;6.587;-0.01145;45.10;-0.05;97.88;0.17;97.88;6.73;6.587;0.1429;8.280;8.187;-8.449;0.50;-0.10;
2026-01-22 16:31:04.94;0.00:00:21:818;0.00;1.00;0.00;6.727;-0.02372;6.585;-0.01151;45.10;-0.05;97.88;0.17;97.88;6.727;6.585;0.1425;8.279;8.186;-8.463;0.50;-0.10;
2026-01-22 16:31:04.99;0.00:00:21:863;0.00;1.00;0.00;6.731;-0.02489;6.59;-0.01099;45.11;-0.05;97.90;0.16;97.90;6.731;6.59;0.1413;8.281;8.189;-8.500;0.50;-0.10;
2026-01-22 16:31:05.04;0.00:00:21:911;0.00;1.00;0.00;6.734;-0.02426;6.592;-0.01166;45.11;-0.05;97.89;0.17;97.89;6.734;6.592;0.1424;8.283;8.190;-8.464;0.50;-0.10;
2026-01-22 16:31:05.08;0.00:00:21:959;0.00;1.00;0.00;6.738;-0.02338;6.594;-0.0114;45.10;-0.05;97.86;0.17;97.86;6.738;6.594;0.144;8.285;8.192;-8.418;0.50;-0.10;
2026-01-22 16:31:05.13;0.00:00:22:005;0.00;1.00;0.00;6.737;-0.02458;6.593;-0.0112;45.11;-0.05;97.87;0.17;97.87;6.737;6.593;0.1436;8.284;8.191;-8.428;0.50;-0.10;
2026-01-22 16:31:05.18;0.00:00:22:052;0.00;1.00;0.00;6.734;-0.02392;6.591;-0.0117;45.10;-0.05;97.87;0.17;97.87;6.734;6.591;0.1432;8.283;8.189;-8.440;0.50;-0.10;
2026-01-22 16:31:05.22;0.00:00:22:098;0.00;1.00;0.00;6.733;-0.0248;6.589;-0.0112;45.11;-0.05;97.87;0.17;97.87;6.733;6.589;0.1437;8.282;8.188;-8.425;0.50;-0.10;
2026-01-22 16:31:05.27;0.00:00:22:144;0.00;1.00;0.00;6.738;-0.02372;6.594;-0.01099;45.10;-0.05;97.86;0.16;97.86;6.738;6.594;0.144;8.285;8.191;-8.417;0.50;-0.10;
2026-01-22 16:31:05.32;0.00:00:22:192;0.00;1.00;0.00;6.742;-0.02438;6.599;-0.01119;45.11;-0.05;97.87;0.17;97.87;6.742;6.599;0.1437;8.288;8.195;-8.424;0.50;-0.10;
2026-01-22 16:31:05.36;0.00:00:22:239;0.00;1.00;0.00;6.744;-0.02422;6.6;-0.01123;45.11;-0.05;97.87;0.17;97.87;6.744;6.6;0.1439;8.289;8.195;-8.418;0.50;-0.10;
2026-01-22 16:31:05.41;0.00:00:22:285;0.00;1.00;0.00;6.744;-0.02438;6.6;-0.01145;45.11;-0.05;97.86;0.17;97.86;6.744;6.6;0.1442;8.289;8.195;-8.411;0.50;-0.10;
2026-01-22 16:31:05.46;0.00:00:22:332;0.00;1.00;0.00;6.739;-0.0231;6.594;-0.01173;45.10;-0.05;97.85;0.17;97.85;6.739;6.594;0.145;8.286;8.192;-8.386;0.50;-0.10;
2026-01-22 16:31:05.50;0.00:00:22:379;0.00;1.00;0.00;6.738;-0.02436;6.594;-0.01093;45.11;-0.05;97.87;0.16;97.87;6.738;6.594;0.1436;8.285;8.192;-8.429;0.50;-0.10;
2026-01-22 16:31:05.55;0.00:00:22:426;0.00;1.00;0.00;6.744;-0.02361;6.599;-0.01098;45.10;-0.05;97.86;0.16;97.86;6.744;6.599;0.1445;8.289;8.195;-8.400;0.50;-0.10;
2026-01-22 16:31:05.60;0.00:00:22:472;0.00;1.00;0.00;6.745;-0.02353;6.601;-0.01151;45.10;-0.05;97.87;0.17;97.87;6.745;6.601;0.1439;8.290;8.196;-8.418;0.50;-0.10;
2026-01-22 16:31:05.64;0.00:00:22:518;0.00;1.00;0.00;6.742;-0.02433;6.599;-0.01144;45.11;-0.05;97.87;0.17;97.87;6.742;6.599;0.1438;8.288;8.195;-8.422;0.50;-0.10;
2026-01-22 16:31:05.69;0.00:00:22:566;0.00;1.00;0.00;6.742;-0.02349;6.599;-0.01162;45.10;-0.05;97.88;0.17;97.88;6.742;6.599;0.1429;8.288;8.195;-8.450;0.50;-0.10;
2026-01-22 16:31:05.74;0.00:00:22:612;0.00;1.00;0.00;6.737;-0.02296;6.593;-0.01177;45.10;-0.05;97.86;0.17;97.86;6.737;6.593;0.1443;8.285;8.191;-8.406;0.50;-0.10;
2026-01-22 16:31:05.78;0.00:00:22:659;0.00;1.00;0.00;6.732;-0.02425;6.588;-0.01155;45.11;-0.05;97.86;0.17;97.86;6.732;6.588;0.1441;8.282;8.188;-8.414;0.50;-0.10;
2026-01-22 16:31:05.83;0.00:00:22:705;0.00;1.00;0.00;6.734;-0.02437;6.59;-0.01163;45.11;-0.05;97.86;0.17;97.86;6.734;6.59;0.1442;8.283;8.189;-8.410;0.50;-0.10;
2026-01-22 16:31:05.87;0.00:00:22:750;0.00;1.00;0.00;6.732;-0.02423;6.588;-0.01166;45.11;-0.05;97.86;0.17;97.86;6.732;6.588;0.1439;8.282;8.188;-8.420;0.50;-0.10;
2026-01-22 16:31:05.92;0.00:00:22:798;0.00;1.00;0.00;6.739;-0.02349;6.595;-0.01103;45.10;-0.05;97.87;0.16;97.87;6.739;6.595;0.1436;8.286;8.192;-8.428;0.50;-0.10;
2026-01-22 16:31:05.97;0.00:00:22:844;0.00;1.00;0.00;6.732;-0.02445;6.59;-0.01158;45.11;-0.05;97.89;0.17;97.89;6.732;6.59;0.1418;8.281;8.189;-8.485;0.50;-0.10;
2026-01-22 16:31:06.01;0.00:00:22:891;0.00;1.00;0.00;6.735;-0.02408;6.592;-0.01089;45.10;-0.05;97.88;0.16;97.88;6.735;6.592;0.1427;8.283;8.190;-8.455;0.50;-0.09;
2026-01-22 16:31:06.06;0.00:00:22:938;0.00;1.00;0.00;6.74;-0.02467;6.597;-0.01098;45.11;-0.05;97.88;0.16;97.88;6.74;6.597;0.143;8.287;8.194;-8.448;0.50;-0.10;
2026-01-22 16:31:06.12;0.00:00:22:999;0.00;1.00;0.00;6.742;-0.02445;6.599;-0.01138;45.11;-0.05;97.88;0.17;97.87;6.742;6.599;0.1433;8.288;8.195;-8.438;0.50;-0.10;
2026-01-22 16:31:06.17;0.00:00:23:046;0.00;1.00;0.00;6.744;-0.02409;6.6;-0.01133;45.10;-0.05;97.86;0.17;97.86;6.744;6.6;0.1443;8.289;8.195;-8.406;0.50;-0.10;
2026-01-22 16:31:06.22;0.00:00:23:091;0.00;1.00;0.00;6.746;-0.0241;6.601;-0.01172;45.10;-0.05;97.86;0.17;97.86;6.746;6.602;0.144;8.290;8.196;-8.416;0.50;-0.10;
2026-01-22 16:31:06.26;0.00:00:23:140;0.00;1.00;0.00;6.748;-0.02409;6.604;-0.01168;45.10;-0.05;97.87;0.17;97.87;6.748;6.604;0.1436;8.291;8.198;-8.428;0.50;-0.10;
2026-01-22 16:31:06.31;0.00:00:23:185;0.00;1.00;0.00;6.743;-0.02425;6.599;-0.01124;45.11;-0.05;97.87;0.17;97.87;6.743;6.599;0.1435;8.288;8.195;-8.431;0.50;-0.10;
2026-01-22 16:31:06.36;0.00:00:23:232;0.00;1.00;0.00;6.742;-0.02351;6.598;-0.0115;45.10;-0.05;97.87;0.17;97.87;6.742;6.598;0.1438;8.288;8.194;-8.423;0.50;-0.10;
2026-01-22 16:31:06.40;0.00:00:23:279;0.00;1.00;0.00;6.722;-0.02194;6.579;-0.01307;45.10;-0.06;97.87;0.19;97.87;6.722;6.579;0.1435;8.275;8.181;-8.432;0.50;-0.11;
2026-01-22 16:31:06.45;0.00:00:23:327;0.00;1.00;0.00;6.712;-0.02279;6.568;-0.01205;45.10;-0.05;97.85;0.18;97.85;6.712;6.568;0.1443;8.268;8.174;-8.409;0.50;-0.11;
2026-01-22 16:31:06.50;0.00:00:23:380;0.00;1.00;0.00;6.725;-0.02491;6.582;-0.01061;45.11;-0.05;97.88;0.16;97.88;6.725;6.582;0.1428;8.277;8.184;-8.454;0.50;-0.09;
2026-01-22 16:31:06.56;0.00:00:23:434;0.00;1.00;0.00;6.732;-0.02441;6.588;-0.01086;45.11;-0.05;97.85;0.16;97.85;6.732;6.588;0.1446;8.282;8.187;-8.399;0.50;-0.09;
2026-01-22 16:31:06.61;0.00:00:23:483;0.00;1.00;0.00;6.744;-0.02327;6.6;-0.01169;45.10;-0.05;97.86;0.17;97.86;6.744;6.6;0.1441;8.289;8.195;-8.413;0.50;-0.10;
2026-01-22 16:31:06.66;0.00:00:23:533;0.00;1.00;0.00;6.739;-0.02323;6.594;-0.01176;45.10;-0.05;97.85;0.17;97.85;6.739;6.594;0.1448;8.286;8.192;-8.393;0.50;-0.10;
2026-01-22 16:31:06.71;0.00:00:23:585;0.00;1.00;0.00;6.736;-0.02292;6.593;-0.01223;45.10;-0.05;97.87;0.18;97.87;6.736;6.593;0.1432;8.284;8.191;-8.442;0.50;-0.11;
2026-01-22 16:31:06.76;0.00:00:23:635;0.00;1.00;0.00;6.73;-0.02445;6.587;-0.01131;45.11;-0.05;97.88;0.17;97.88;6.73;6.587;0.1428;8.280;8.187;-8.452;0.50;-0.10;
2026-01-22 16:31:06.81;0.00:00:23:686;0.00;1.00;0.00;6.737;-0.02409;6.595;-0.01131;45.10;-0.05;97.88;0.17;97.88;6.737;6.595;0.1426;8.285;8.192;-8.459;0.50;-0.10;
2026-01-22 16:31:06.86;0.00:00:23:738;0.00;1.00;0.00;6.735;-0.02421;6.593;-0.01162;45.11;-0.05;97.89;0.17;97.89;6.735;6.593;0.142;8.283;8.191;-8.478;0.50;-0.10;
2026-01-22 16:31:06.92;0.00:00:23:798;0.00;1.00;0.00;6.737;-0.02416;6.594;-0.01129;45.10;-0.05;97.87;0.17;97.87;6.737;6.594;0.1437;8.285;8.191;-8.426;0.50;-0.10;
2026-01-22 16:31:06.97;0.00:00:23:851;0.00;1.00;0.00;6.738;-0.02447;6.594;-0.01135;45.11;-0.05;97.87;0.17;97.87;6.738;6.594;0.1433;8.285;8.192;-8.437;0.50;-0.10;
2026-01-22 16:31:07.02;0.00:00:23:901;0.00;1.00;0.00;6.74;-0.02425;6.596;-0.01099;45.11;-0.05;97.87;0.16;97.87;6.74;6.596;0.1438;8.287;8.193;-8.423;0.50;-0.10;
2026-01-22 16:31:07.07;0.00:00:23:950;0.00;1.00;0.00;6.741;-0.02466;6.597;-0.01123;45.11;-0.05;97.88;0.17;97.88;6.741;6.598;0.1431;8.287;8.194;-8.443;0.50;-0.10;
2026-01-22 16:31:07.14;0.00:00:24:012;0.00;1.00;0.00;6.736;-0.02405;6.593;-0.01196;45.10;-0.05;97.87;0.18;97.87;6.736;6.593;0.1433;8.284;8.191;-8.438;0.50;-0.10;
2026-01-22 16:31:07.19;0.00:00:24:062;0.00;1.00;0.00;6.736;-0.02472;6.593;-0.01133;45.11;-0.05;97.88;0.17;97.88;6.736;6.593;0.1431;8.284;8.191;-8.444;0.50;-0.10;
2026-01-22 16:31:07.24;0.00:00:24:114;0.00;1.00;0.00;6.737;-0.02351;6.594;-0.0115;45.10;-0.05;97.88;0.17;97.88;6.737;6.594;0.1429;8.284;8.191;-8.448;0.50;-0.10;
2026-01-22 16:31:07.29;0.00:00:24:166;0.00;1.00;0.00;6.728;-0.02359;6.585;-0.01246;45.10;-0.05;97.87;0.19;97.87;6.728;6.585;0.1433;8.279;8.186;-8.436;0.50;-0.11;
2026-01-22 16:31:07.34;0.00:00:24:217;0.00;1.00;0.00;6.723;-0.0238;6.579;-0.01138;45.10;-0.05;97.87;0.17;97.87;6.723;6.579;0.1431;8.275;8.182;-8.443;0.50;-0.10;
2026-01-22 16:31:07.40;0.00:00:24:274;0.00;1.00;0.00;6.719;-0.02387;6.575;-0.01168;45.10;-0.05;97.86;0.17;97.86;6.719;6.575;0.1437;8.273;8.179;-8.426;0.50;-0.10;
2026-01-22 16:31:07.44;0.00:00:24:320;0.00;1.00;0.00;6.716;-0.02339;6.573;-0.01174;45.10;-0.05;97.87;0.17;97.87;6.716;6.573;0.1428;8.271;8.178;-8.454;0.50;-0.10;
2026-01-22 16:31:07.49;0.00:00:24:369;0.00;1.00;0.00;6.709;-0.02367;6.567;-0.01176;45.10;-0.05;97.88;0.18;97.88;6.709;6.567;0.142;8.267;8.174;-8.478;0.50;-0.10;
2026-01-22 16:31:07.54;0.00:00:24:420;0.00;1.00;0.00;6.708;-0.02323;6.564;-0.01161;45.10;-0.05;97.86;0.17;97.86;6.708;6.564;0.1435;8.266;8.172;-8.431;0.50;-0.10;
2026-01-22 16:31:07.59;0.00:00:24:470;0.00;1.00;0.00;6.701;-0.02431;6.558;-0.01144;45.11;-0.05;97.87;0.17;97.87;6.701;6.558;0.1425;8.261;8.168;-8.460;0.50;-0.10;
2026-01-22 16:31:07.65;0.00:00:24:522;0.00;1.00;0.00;6.704;-0.02413;6.562;-0.01091;45.11;-0.05;97.88;0.16;97.88;6.704;6.562;0.1418;8.264;8.171;-8.482;0.50;-0.10;
2026-01-22 16:31:07.70;0.00:00:24:573;0.00;1.00;0.00;6.712;-0.02466;6.568;-0.01128;45.11;-0.05;97.86;0.17;97.86;6.712;6.568;0.1437;8.268;8.174;-8.427;0.50;-0.10;
2026-01-22 16:31:07.75;0.00:00:24:623;0.00;1.00;0.00;6.716;-0.02472;6.572;-0.0111;45.11;-0.05;97.87;0.17;97.87;6.716;6.572;0.1433;8.271;8.177;-8.436;0.50;-0.10;
2026-01-22 16:31:07.80;0.00:00:24:675;0.00;1.00;0.00;6.725;-0.02346;6.581;-0.0115;45.10;-0.05;97.86;0.17;97.86;6.725;6.581;0.1436;8.277;8.183;-8.427;0.50;-0.10;
2026-01-22 16:31:07.85;0.00:00:24:727;0.00;1.00;0.00;6.724;-0.02383;6.581;-0.01163;45.10;-0.05;97.88;0.17;97.88;6.724;6.581;0.1427;8.276;8.183;-8.457;0.50;-0.10;
2026-01-22 16:31:07.90;0.00:00:24:778;0.00;1.00;0.00;6.72;-0.02406;6.577;-0.01173;45.10;-0.05;97.88;0.17;97.87;6.72;6.577;0.1428;8.273;8.180;-8.453;0.50;-0.10;
2026-01-22 16:31:07.95;0.00:00:24:829;0.00;1.00;0.00;6.722;-0.02485;6.579;-0.01091;45.11;-0.05;97.88;0.16;97.88;6.722;6.579;0.1422;8.275;8.182;-8.470;0.50;-0.10;
2026-01-22 16:31:08.00;0.00:00:24:879;0.00;1.00;0.00;6.731;-0.02453;6.587;-0.01067;45.11;-0.05;97.87;0.16;97.87;6.731;6.587;0.1437;8.281;8.187;-8.427;0.50;-0.09;
2026-01-22 16:31:08.06;0.00:00:24:932;0.00;1.00;0.00;6.734;-0.02385;6.591;-0.01158;45.10;-0.05;97.88;0.17;97.88;6.734;6.591;0.1427;8.283;8.190;-8.455;0.50;-0.10;
2026-01-22 16:31:08.11;0.00:00:24:982;0.00;1.00;0.00;6.733;-0.02445;6.59;-0.01155;45.11;-0.05;97.88;0.17;97.88;6.733;6.59;0.1426;8.282;8.189;-8.459;0.50;-0.10;
2026-01-22 16:31:08.16;0.00:00:25:032;0.00;1.00;0.00;6.73;-0.02283;6.587;-0.01208;45.10;-0.05;97.88;0.18;97.88;6.73;6.587;0.1427;8.280;8.187;-8.455;0.50;-0.11;
2026-01-22 16:31:08.21;0.00:00:25:085;0.00;1.00;0.00;6.721;-0.0232;6.578;-0.01202;45.10;-0.05;97.88;0.18;97.88;6.721;6.578;0.1424;8.274;8.181;-8.466;0.50;-0.10;
2026-01-22 16:31:08.26;0.00:00:25:135;0.00;1.00;0.00;6.716;-0.02431;6.573;-0.01137;45.11;-0.05;97.87;0.17;97.87;6.716;6.573;0.1433;8.271;8.177;-8.438;0.50;-0.10;
2026-01-22 16:31:08.31;0.00:00:25:186;0.00;1.00;0.00;6.733;-0.02413;6.59;-0.01107;45.10;-0.05;97.87;0.16;97.87;6.733;6.59;0.1431;8.282;8.189;-8.442;0.50;-0.10;
2026-01-22 16:31:08.36;0.00:00:25:237;0.00;1.00;0.00;6.738;-0.02427;6.594;-0.01151;45.11;-0.05;97.87;0.17;97.87;6.738;6.594;0.1435;8.285;8.192;-8.431;0.50;-0.10;
2026-01-22 16:31:08.41;0.00:00:25:288;0.00;1.00;0.00;6.735;-0.0234;6.592;-0.01169;45.10;-0.05;97.87;0.17;97.87;6.735;6.592;0.1436;8.283;8.190;-8.429;0.50;-0.10;
2026-01-22 16:31:08.46;0.00:00:25:339;0.00;1.00;0.00;6.731;-0.02405;6.587;-0.01147;45.10;-0.05;97.86;0.17;97.86;6.731;6.587;0.144;8.281;8.187;-8.417;0.50;-0.10;
2026-01-22 16:31:08.52;0.00:00:25:392;0.00;1.00;0.00;6.734;-0.02412;6.592;-0.01128;45.10;-0.05;97.88;0.17;97.88;6.734;6.592;0.1428;8.283;8.190;-8.453;0.50;-0.10;
2026-01-22 16:31:08.56;0.00:00:25:441;0.00;1.00;0.00;6.735;-0.02393;6.591;-0.01145;45.10;-0.05;97.87;0.17;97.87;6.735;6.591;0.1435;8.283;8.190;-8.432;0.50;-0.10;
2026-01-22 16:31:08.62;0.00:00:25:492;0.00;1.00;0.00;6.73;-0.02398;6.587;-0.01193;45.10;-0.05;97.87;0.18;97.87;6.73;6.587;0.1433;8.280;8.187;-8.438;0.50;-0.10;
2026-01-22 16:31:08.67;0.00:00:25:542;0.00;1.00;0.00;6.728;-0.02339;6.584;-0.01144;45.10;-0.05;97.87;0.17;97.87;6.728;6.584;0.1436;8.279;8.185;-8.429;0.50;-0.10;
2026-01-22 16:31:08.72;0.00:00:25:594;0.00;1.00;0.00;6.731;-0.02445;6.589;-0.01135;45.11;-0.05;97.89;0.17;97.89;6.731;6.589;0.142;8.281;8.188;-8.476;0.50;-0.10;
2026-01-22 16:31:08.77;0.00:00:25:645;0.00;1.00;0.00;6.729;-0.02386;6.587;-0.01174;45.10;-0.05;97.89;0.17;97.89;6.729;6.587;0.142;8.279;8.187;-8.476;0.50;-0.10;
2026-01-22 16:31:08.82;0.00:00:25:696;0.00;1.00;0.00;6.718;-0.02484;6.575;-0.01161;45.11;-0.05;97.87;0.17;97.87;6.718;6.575;0.1428;8.272;8.179;-8.453;0.50;-0.10;
2026-01-22 16:31:08.87;0.00:00:25:749;0.00;1.00;0.00;6.721;-0.02502;6.578;-0.01095;45.11;-0.05;97.88;0.16;97.88;6.721;6.578;0.1424;8.274;8.181;-8.465;0.50;-0.10;
2026-01-22 16:31:08.92;0.00:00:25:799;0.00;1.00;0.00;6.72;-0.02362;6.577;-0.01163;45.10;-0.05;97.86;0.17;97.86;6.72;6.577;0.1435;8.274;8.180;-8.430;0.50;-0.10;
2026-01-22 16:31:08.97;0.00:00:25:849;0.00;1.00;0.00;6.716;-0.02342;6.573;-0.01195;45.10;-0.05;97.87;0.18;97.87;6.716;6.573;0.1432;8.271;8.178;-8.439;0.50;-0.10;
2026-01-22 16:31:09.02;0.00:00:25:900;0.00;1.00;0.00;6.715;-0.02432;6.572;-0.01153;45.11;-0.05;97.87;0.17;97.87;6.715;6.572;0.1432;8.271;8.177;-8.440;0.50;-0.10;
2026-01-22 16:31:09.07;0.00:00:25:951;0.00;1.00;0.00;6.714;-0.02377;6.57;-0.01205;45.10;-0.05;97.86;0.18;97.86;6.714;6.57;0.144;8.270;8.176;-8.417;0.50;-0.11;
2026-01-22 16:31:09.13;0.00:00:26:004;0.00;1.00;0.00;6.72;-0.02396;6.578;-0.01179;45.10;-0.05;97.89;0.18;97.89;6.72;6.578;0.1416;8.273;8.181;-8.489;0.50;-0.10;
2026-01-22 16:31:09.19;0.00:00:26:064;0.00;1.00;0.00;6.721;-0.02396;6.577;-0.01154;45.10;-0.05;97.87;0.17;97.87;6.721;6.577;0.1432;8.274;8.181;-8.440;0.50;-0.10;
2026-01-22 16:31:09.24;0.00:00:26:116;0.00;1.00;0.00;6.717;-0.02403;6.573;-0.01162;45.10;-0.05;97.86;0.17;97.85;6.717;6.573;0.1441;8.272;8.178;-8.414;0.50;-0.10;
2026-01-22 16:31:09.29;0.00:00:26:166;0.00;1.00;0.00;6.721;-0.02455;6.578;-0.01131;45.11;-0.05;97.88;0.17;97.88;6.721;6.578;0.1426;8.274;8.181;-8.459;0.50;-0.10;
2026-01-22 16:31:09.34;0.00:00:26:218;0.00;1.00;0.00;6.72;-0.02375;6.577;-0.01237;45.10;-0.05;97.88;0.18;97.88;6.72;6.577;0.1424;8.273;8.180;-8.465;0.50;-0.11;
2026-01-22 16:31:09.39;0.00:00:26:268;0.00;1.00;0.00;6.713;-0.02343;6.57;-0.01161;45.10;-0.05;97.86;0.17;97.86;6.713;6.57;0.1434;8.269;8.175;-8.436;0.50;-0.10;
2026-01-22 16:31:09.44;0.00:00:26:319;0.00;1.00;0.00;6.711;-0.02405;6.568;-0.01145;45.10;-0.05;97.87;0.17;97.87;6.711;6.568;0.1432;8.268;8.174;-8.440;0.50;-0.10;
2026-01-22 16:31:09.50;0.00:00:26:380;0.00;1.00;0.00;6.72;-0.02476;6.577;-0.01071;45.11;-0.05;97.87;0.16;97.87;6.72;6.577;0.1429;8.274;8.180;-8.449;0.50;-0.09;
2026-01-22 16:31:09.56;0.00:00:26:432;0.00;1.00;0.00;6.721;-0.02351;6.578;-0.01121;45.10;-0.05;97.87;0.17;97.87;6.721;6.578;0.1432;8.275;8.181;-8.440;0.50;-0.10;
2026-01-22 16:31:09.61;0.00:00:26:482;0.00;1.00;0.00;6.722;-0.02408;6.579;-0.01161;45.10;-0.05;97.87;0.17;97.87;6.722;6.579;0.1433;8.275;8.181;-8.436;0.50;-0.10;
2026-01-22 16:31:09.66;0.00:00:26:534;0.00;1.00;0.00;6.727;-0.02487;6.585;-0.01085;45.11;-0.05;97.89;0.16;97.89;6.727;6.585;0.1419;8.278;8.186;-8.479;0.50;-0.09;
2026-01-22 16:31:09.71;0.00:00:26:584;0.00;1.00;0.00;6.73;-0.02444;6.587;-0.01113;45.11;-0.05;97.88;0.17;97.88;6.73;6.587;0.1428;8.280;8.187;-8.453;0.50;-0.10;
2026-01-22 16:31:09.76;0.00:00:26:634;0.00;1.00;0.00;6.73;-0.02318;6.588;-0.0122;45.10;-0.05;97.88;0.18;97.88;6.73;6.588;0.1427;8.280;8.187;-8.455;0.50;-0.11;
2026-01-22 16:31:09.81;0.00:00:26:687;0.00;1.00;0.00;6.724;-0.02351;6.582;-0.01176;45.10;-0.05;97.89;0.17;97.89;6.724;6.583;0.1416;8.276;8.184;-8.490;0.50;-0.10;
2026-01-22 16:31:09.86;0.00:00:26:737;0.00;1.00;0.00;6.723;-0.02415;6.581;-0.01159;45.11;-0.05;97.89;0.17;97.89;6.723;6.581;0.1418;8.275;8.183;-8.484;0.50;-0.10;
2026-01-22 16:31:09.91;0.00:00:26:789;0.00;1.00;0.00;6.723;-0.02521;6.582;-0.01089;45.11;-0.05;97.89;0.16;97.89;6.723;6.582;0.1415;8.276;8.183;-8.491;0.50;-0.09;
2026-01-22 16:31:09.96;0.00:00:26:839;0.00;1.00;0.00;6.724;-0.02416;6.581;-0.01176;45.11;-0.05;97.87;0.17;97.87;6.724;6.581;0.1429;8.276;8.183;-8.449;0.50;-0.10;
2026-01-22 16:31:10.01;0.00:00:26:890;0.00;1.00;0.00;6.721;-0.02376;6.578;-0.01189;45.10;-0.05;97.87;0.18;97.87;6.721;6.578;0.1433;8.274;8.181;-8.436;0.50;-0.10;
2026-01-22 16:31:10.07;0.00:00:26:943;0.00;1.00;0.00;6.721;-0.02391;6.578;-0.0116;45.10;-0.05;97.87;0.17;97.87;6.721;6.578;0.1429;8.274;8.181;-8.451;0.50;-0.10;
2026-01-22 16:31:10.12;0.00:00:26:993;0.00;1.00;0.00;6.721;-0.02457;6.578;-0.01126;45.11;-0.05;97.87;0.17;97.87;6.721;6.578;0.143;8.274;8.181;-8.445;0.50;-0.10;
2026-01-22 16:31:10.17;0.00:00:27:042;0.00;1.00;0.00;6.72;-0.02491;6.577;-0.01143;45.11;-0.05;97.88;0.17;97.88;6.72;6.578;0.1425;8.274;8.181;-8.461;0.50;-0.10;
2026-01-22 16:31:10.22;0.00:00:27:092;0.00;1.00;0.00;6.725;-0.02502;6.581;-0.01061;45.11;-0.05;97.86;0.16;97.86;6.725;6.581;0.1436;8.277;8.183;-8.428;0.50;-0.09;
2026-01-22 16:31:10.27;0.00:00:27:143;0.00;1.00;0.00;6.734;-0.02389;6.591;-0.01165;45.10;-0.05;97.88;0.17;97.88;6.734;6.591;0.1429;8.283;8.190;-8.449;0.50;-0.10;
2026-01-22 16:31:10.32;0.00:00:27:194;0.00;1.00;0.00;6.726;-0.02264;6.583;-0.01261;45.10;-0.05;97.88;0.19;97.88;6.726;6.583;0.1429;8.277;8.184;-8.451;0.50;-0.11;
2026-01-22 16:31:10.37;0.00:00:27:247;0.00;1.00;0.00;6.72;-0.02382;6.578;-0.0113;45.10;-0.05;97.88;0.17;97.88;6.72;6.578;0.1424;8.274;8.181;-8.463;0.50;-0.10;
2026-01-22 16:31:10.42;0.00:00:27:297;0.00;1.00;0.00;6.722;-0.02461;6.579;-0.01125;45.11;-0.05;97.87;0.17;97.87;6.722;6.579;0.1434;8.275;8.181;-8.435;0.50;-0.10;
2026-01-22 16:31:10.47;0.00:00:27:350;0.00;1.00;0.00;6.741;-0.0242;6.597;-0.01121;45.11;-0.05;97.86;0.17;97.86;6.741;6.597;0.144;8.287;8.193;-8.415;0.50;-0.10;
2026-01-22 16:31:10.53;0.00:00:27:403;0.00;1.00;0.00;6.742;-0.02407;6.599;-0.01182;45.10;-0.05;97.87;0.18;97.87;6.742;6.599;0.1437;8.288;8.195;-8.426;0.50;-0.10;
2026-01-22 16:31:10.58;0.00:00:27:452;0.00;1.00;0.00;6.739;-0.02298;6.595;-0.01186;45.10;-0.05;97.86;0.18;97.86;6.739;6.595;0.1442;8.286;8.192;-8.410;0.50;-0.10;
2026-01-22 16:31:10.63;0.00:00:27:502;0.00;1.00;0.00;6.731;-0.02343;6.588;-0.01191;45.10;-0.05;97.87;0.18;97.87;6.731;6.588;0.1433;8.281;8.188;-8.438;0.50;-0.10;
2026-01-22 16:31:10.69;0.00:00:27:563;0.00;1.00;0.00;6.727;-0.02377;6.584;-0.01177;45.10;-0.05;97.87;0.17;97.87;6.727;6.584;0.1435;8.278;8.185;-8.430;0.50;-0.10;
2026-01-22 16:31:10.74;0.00:00:27:614;0.00;1.00;0.00;6.725;-0.02452;6.582;-0.01143;45.11;-0.05;97.87;0.17;97.87;6.725;6.582;0.1433;8.277;8.183;-8.438;0.50;-0.10;
2026-01-22 16:31:10.79;0.00:00:27:668;0.00;1.00;0.00;6.726;-0.02482;6.583;-0.01139;45.11;-0.05;97.88;0.17;97.88;6.726;6.583;0.1428;8.278;8.184;-8.451;0.50;-0.10;
2026-01-22 16:31:10.84;0.00:00:27:717;0.00;1.00;0.00;6.727;-0.02442;6.583;-0.01146;45.11;-0.05;97.86;0.17;97.86;6.727;6.583;0.1439;8.278;8.184;-8.420;0.50;-0.10;
2026-01-22 16:31:10.89;0.00:00:27:769;0.00;1.00;0.00;6.721;-0.02396;6.579;-0.01173;45.10;-0.05;97.88;0.17;97.88;6.721;6.579;0.1423;8.274;8.181;-8.468;0.50;-0.10;
2026-01-22 16:31:10.94;0.00:00:27:819;0.00;1.00;0.00;6.721;-0.02464;6.579;-0.01078;45.11;-0.05;97.88;0.16;97.88;6.721;6.579;0.1425;8.275;8.181;-8.461;0.50;-0.09;
2026-01-22 16:31:11.01;0.00:00:27:882;0.00;1.00;0.00;6.733;-0.0252;6.59;-0.01092;45.11;-0.05;97.89;0.16;97.89;6.733;6.59;0.1423;8.282;8.189;-8.468;0.50;-0.09;
2026-01-22 16:31:11.06;0.00:00:27:931;0.00;1.00;0.00;6.731;-0.02379;6.587;-0.01208;45.10;-0.05;97.85;0.18;97.85;6.731;6.587;0.1444;8.281;8.187;-8.403;0.50;-0.11;
2026-01-22 16:31:11.11;0.00:00:27:982;0.00;1.00;0.00;6.73;-0.02466;6.586;-0.01154;45.11;-0.05;97.86;0.17;97.86;6.73;6.586;0.1441;8.280;8.186;-8.413;0.50;-0.10;
2026-01-22 16:31:11.16;0.00:00:28:033;0.00;1.00;0.00;6.732;-0.025;6.588;-0.01117;45.11;-0.05;97.86;0.17;97.86;6.732;6.588;0.1438;8.281;8.187;-8.422;0.50;-0.10;
2026-01-22 16:31:11.21;0.00:00:28:085;0.00;1.00;0.00;6.735;-0.02466;6.592;-0.01135;45.11;-0.05;97.88;0.17;97.88;6.735;6.592;0.1428;8.284;8.190;-8.452;0.50;-0.10;
2026-01-22 16:31:11.26;0.00:00:28:136;0.00;1.00;0.00;6.737;-0.02433;6.595;-0.01133;45.11;-0.05;97.89;0.17;97.89;6.737;6.595;0.1423;8.285;8.192;-8.467;0.50;-0.10;
2026-01-22 16:31:11.31;0.00:00:28:188;0.00;1.00;0.00;6.737;-0.02442;6.593;-0.0116;45.11;-0.05;97.86;0.17;97.86;6.737;6.593;0.144;8.285;8.191;-8.416;0.50;-0.10;
2026-01-22 16:31:11.36;0.00:00:28:238;0.00;1.00;0.00;6.722;-0.02447;6.579;-0.01194;45.11;-0.05;97.87;0.18;97.87;6.722;6.579;0.1429;8.275;8.181;-8.450;0.50;-0.10;
2026-01-22 16:31:11.42;0.00:00:28:299;0.00;1.00;0.00;6.723;-0.02546;6.579;-0.01089;45.11;-0.05;97.86;0.16;97.86;6.723;6.579;0.144;8.275;8.181;-8.417;0.50;-0.09;
2026-01-22 16:31:11.48;0.00:00:28:352;0.00;1.00;0.00;6.726;-0.02474;6.582;-0.01137;45.11;-0.05;97.86;0.17;97.86;6.726;6.582;0.1441;8.278;8.184;-8.414;0.50;-0.10;
2026-01-22 16:31:11.53;0.00:00:28:402;0.00;1.00;0.00;6.727;-0.02451;6.583;-0.01146;45.11;-0.05;97.86;0.17;97.86;6.727;6.583;0.1442;8.278;8.184;-8.409;0.50;-0.10;
2026-01-22 16:31:11.58;0.00:00:28:453;0.00;1.00;0.00;6.727;-0.02426;6.582;-0.0117;45.11;-0.05;97.85;0.17;97.85;6.727;6.582;0.1443;8.278;8.184;-8.407;0.50;-0.10;
2026-01-22 16:31:11.63;0.00:00:28:503;0.00;1.00;0.00;6.729;-0.02496;6.585;-0.01056;45.11;-0.05;97.86;0.16;97.86;6.729;6.585;0.1442;8.279;8.185;-8.410;0.50;-0.09;
2026-01-22 16:31:11.69;0.00:00:28:565;0.00;1.00;0.00;6.738;-0.02438;6.593;-0.01081;45.11;-0.05;97.86;0.16;97.86;6.738;6.593;0.1444;8.285;8.191;-8.405;0.50;-0.09;
2026-01-22 16:31:11.74;0.00:00:28:618;0.00;1.00;0.00;6.739;-0.02488;6.595;-0.01115;45.11;-0.05;97.87;0.17;97.87;6.739;6.595;0.1437;8.286;8.192;-8.425;0.50;-0.10;
2026-01-22 16:31:11.79;0.00:00:28:667;0.00;1.00;0.00;6.742;-0.02447;6.599;-0.01094;45.11;-0.05;97.87;0.16;97.87;6.742;6.599;0.1439;8.288;8.195;-8.420;0.50;-0.10;
2026-01-22 16:31:11.84;0.00:00:28:718;0.00;1.00;0.00;6.734;-0.02414;6.591;-0.01209;45.10;-0.05;97.87;0.18;97.87;6.734;6.591;0.1436;8.283;8.189;-8.429;0.50;-0.11;
2026-01-22 16:31:11.89;0.00:00:28:770;0.00;1.00;0.00;6.736;-0.02532;6.591;-0.01081;45.11;-0.05;97.86;0.16;97.86;6.736;6.592;0.144;8.284;8.190;-8.415;0.50;-0.09;
2026-01-22 16:31:11.94;0.00:00:28:820;0.00;1.00;0.00;6.739;-0.02373;6.596;-0.01178;45.10;-0.05;97.88;0.17;97.88;6.739;6.596;0.143;8.286;8.193;-8.447;0.50;-0.10;
2026-01-22 16:31:11.99;0.00:00:28:871;0.00;1.00;0.00;6.735;-0.02378;6.593;-0.01189;45.10;-0.05;97.89;0.18;97.89;6.735;6.593;0.142;8.283;8.191;-8.477;0.50;-0.10;
2026-01-22 16:31:12.05;0.00:00:28:923;0.00;1.00;0.00;6.728;-0.02402;6.586;-0.01234;45.10;-0.05;97.88;0.18;97.88;6.728;6.586;0.1426;8.279;8.186;-8.459;0.50;-0.11;
2026-01-22 16:31:12.10;0.00:00:28:972;0.00;1.00;0.00;6.724;-0.02366;6.581;-0.01239;45.10;-0.05;97.88;0.18;97.88;6.724;6.581;0.1425;8.276;8.183;-8.461;0.50;-0.11;
2026-01-22 16:31:12.15;0.00:00:29:024;0.00;1.00;0.00;6.715;-0.0245;6.573;-0.01162;45.11;-0.05;97.88;0.17;97.88;6.715;6.573;0.1422;8.270;8.177;-8.470;0.50;-0.10;
2026-01-22 16:31:12.20;0.00:00:29:074;0.00;1.00;0.00;6.715;-0.02441;6.572;-0.01144;45.11;-0.05;97.87;0.17;97.87;6.715;6.572;0.1428;8.270;8.177;-8.452;0.50;-0.10;
2026-01-22 16:31:12.25;0.00:00:29:127;0.00;1.00;0.00;6.715;-0.02482;6.573;-0.01135;45.11;-0.05;97.88;0.17;97.88;6.715;6.573;0.1423;8.271;8.178;-8.467;0.50;-0.10;
2026-01-22 16:31:12.30;0.00:00:29:177;0.00;1.00;0.00;6.719;-0.02438;6.575;-0.01111;45.11;-0.05;97.87;0.17;97.87;6.719;6.575;0.1433;8.273;8.179;-8.439;0.50;-0.10;
2026-01-22 16:31:12.35;0.00:00:29:229;0.00;1.00;0.00;6.725;-0.02521;6.581;-0.01097;45.11;-0.05;97.87;0.16;97.87;6.725;6.581;0.1435;8.277;8.183;-8.432;0.50;-0.10;
2026-01-22 16:31:12.40;0.00:00:29:279;0.00;1.00;0.00;6.723;-0.02485;6.579;-0.01106;45.11;-0.05;97.86;0.16;97.86;6.723;6.579;0.1437;8.276;8.182;-8.425;0.50;-0.10;
2026-01-22 16:31:12.46;0.00:00:29:333;0.00;1.00;0.00;6.731;-0.02517;6.587;-0.01082;45.11;-0.05;97.86;0.16;97.86;6.731;6.587;0.1439;8.281;8.187;-8.418;0.50;-0.09;
2026-01-22 16:31:12.50;0.00:00:29:378;0.00;1.00;0.00;6.741;-0.02386;6.596;-0.0111;45.10;-0.05;97.85;0.16;97.85;6.741;6.596;0.1449;8.287;8.193;-8.389;0.50;-0.10;
2026-01-22 16:31:12.55;0.00:00:29:425;0.00;1.00;0.00;6.744;-0.02482;6.601;-0.01114;45.11;-0.05;97.87;0.17;97.87;6.744;6.601;0.1436;8.289;8.196;-8.429;0.50;-0.10;
2026-01-22 16:31:12.60;0.00:00:29:473;0.00;1.00;0.00;6.748;-0.02473;6.604;-0.01117;45.11;-0.05;97.87;0.17;97.87;6.748;6.604;0.1439;8.292;8.198;-8.419;0.50;-0.10;
2026-01-22 16:31:12.64;0.00:00:29:519;0.00;1.00;0.00;6.755;-0.02396;6.61;-0.01184;45.10;-0.05;97.85;0.18;97.85;6.755;6.61;0.145;8.296;8.202;-8.387;0.50;-0.10;
2026-01-22 16:31:12.69;0.00:00:29:568;0.00;1.00;0.00;6.751;-0.02415;6.605;-0.01214;45.10;-0.05;97.84;0.18;97.84;6.751;6.605;0.1457;8.294;8.199;-8.365;0.50;-0.11;
2026-01-22 16:31:12.74;0.00:00:29:615;0.00;1.00;0.00;6.743;-0.02374;6.598;-0.01186;45.10;-0.05;97.86;0.18;97.86;6.743;6.598;0.1445;8.288;8.194;-8.402;0.50;-0.10;
2026-01-22 16:31:12.79;0.00:00:29:662;0.00;1.00;0.00;6.733;-0.02415;6.59;-0.01218;45.10;-0.05;97.88;0.18;97.88;6.733;6.59;0.143;8.282;8.189;-8.447;0.50;-0.11;
2026-01-22 16:31:12.83;0.00:00:29:709;0.00;1.00;0.00;6.721;-0.02352;6.578;-0.01202;45.10;-0.05;97.87;0.18;97.87;6.721;6.578;0.1431;8.274;8.181;-8.443;0.50;-0.10;
2026-01-22 16:31:12.88;0.00:00:29:756;0.00;1.00;0.00;6.721;-0.02515;6.578;-0.01119;45.11;-0.05;97.88;0.17;97.88;6.721;6.579;0.1428;8.275;8.181;-8.453;0.50;-0.10;
2026-01-22 16:31:12.93;0.00:00:29:802;0.00;1.00;0.00;6.727;-0.02475;6.583;-0.01063;45.11;-0.05;97.86;0.16;97.86;6.727;6.583;0.1437;8.278;8.184;-8.424;0.50;-0.09;
2026-01-22 16:31:12.97;0.00:00:29:850;0.00;1.00;0.00;6.737;-0.02473;6.594;-0.01125;45.11;-0.05;97.88;0.17;97.87;6.737;6.594;0.1432;8.284;8.191;-8.442;0.50;-0.10;
2026-01-22 16:31:13.02;0.00:00:29:896;0.00;1.00;0.00;6.737;-0.02447;6.594;-0.01171;45.11;-0.05;97.88;0.17;97.88;6.737;6.594;0.1428;8.284;8.191;-8.453;0.50;-0.10;
2026-01-22 16:31:13.07;0.00:00:29:943;0.00;1.00;0.00;6.742;-0.02443;6.598;-0.01167;45.11;-0.05;97.86;0.17;97.86;6.742;6.598;0.144;8.288;8.194;-8.418;0.50;-0.10;
2026-01-22 16:31:13.11;0.00:00:29:988;0.00;1.00;0.00;6.741;-0.02382;6.597;-0.01184;45.10;-0.05;97.87;0.18;97.87;6.741;6.597;0.1436;8.287;8.194;-8.428;0.50;-0.10;
