MWfrequencies,SDmean,err_SDmean
-250.0,0.015873015873015872,0.01574653564323481
-248.99799599198397,0.0,0.0
-247.99599198396794,0.015873015873015872,0.01574653564323481
-246.9939879759519,0.015873015873015872,0.01574653564323481
-245.99198396793588,0.0,0.0
-244.98997995991985,0.0,0.0
-243.98797595190382,0.0,0.0
-242.98597194388776,0.0,0.0
-241.98396793587173,0.0,0.0
-240.9819639278557,0.0,0.0
-239.97995991983967,0.047619047619047616,0.026830293800905285
-238.97795591182364,0.015873015873015872,0.01574653564323481
-237.9759519038076,0.0,0.0
-236.97394789579158,0.0,0.0
-235.97194388777555,0.015873015873015872,0.01574653564323481
-234.96993987975952,0.015873015873015872,0.01574653564323481
-233.9679358717435,0.0,0.0
-232.96593186372746,0.0,0.0
-231.96392785571143,0.0,0.0
-230.9619238476954,0.0,0.0
-229.95991983967937,0.0,0.0
-228.95791583166334,0.031746031746031744,0.022088645799247856
-227.95591182364728,0.015873015873015872,0.01574653564323481
-226.95390781563125,0.015873015873015872,0.01574653564323481
-225.95190380761522,0.047619047619047616,0.026830293800905285
-224.9498997995992,0.0,0.0
-223.94789579158316,0.0,0.0
-222.94589178356713,0.0,0.0
-221.9438877755511,0.031746031746031744,0.022088645799247856
-220.94188376753507,0.047619047619047616,0.026830293800905285
-219.93987975951904,0.0,0.0
-218.93787575150301,0.015873015873015872,0.01574653564323481
-217.93587174348698,0.0,0.0
-216.93386773547095,0.0,0.0
-215.93186372745492,0.0,0.0
-214.92985971943887,0.015873015873015872,0.01574653564323481
-213.92785571142286,0.015873015873015872,0.01574653564323481
-212.9258517034068,0.015873015873015872,0.01574653564323481
-211.92384769539078,0.0,0.0
-210.92184368737475,0.0,0.0
-209.91983967935872,0.0,0.0
-208.9178356713427,0.0,0.0
-207.91583166332666,0.015873015873015872,0.01574653564323481
-206.91382765531063,0.0,0.0
-205.9118236472946,0.0,0.0
-204.90981963927857,0.031746031746031744,0.022088645799247852
-203.90781563126254,0.0,0.0
-202.9058116232465,0.0,0.0
-201.90380761523045,0.031746031746031744,0.022088645799247856
-200.90180360721445,0.0,0.0
-199.8997995991984,0.015873015873015872,0.01574653564323481
-198.8977955911824,0.031746031746031744,0.022088645799247852
-197.89579158316633,0.0,0.0
-196.8937875751503,0.0,0.0
-195.89178356713427,0.047619047619047616,0.026830293800905285
-194.88977955911824,0.015873015873015872,0.01574653564323481
-193.8877755511022,0.0,0.0
-192.88577154308618,0.015873015873015872,0.01574653564323481
-191.88376753507015,0.031746031746031744,0.022088645799247856
-190.88176352705412,0.0,0.0
-189.8797595190381,0.015873015873015872,0.01574653564323481
-188.87775551102206,0.0,0.0
-187.87575150300603,0.0,0.0
-186.87374749498997,0.0,0.0
-185.87174348697397,0.015873015873015872,0.01574653564323481
-184.8697394789579,0.0,0.0
-183.8677354709419,0.0,0.0
-182.86573146292585,0.0,0.0
-181.86372745490982,0.015873015873015872,0.01574653564323481
-180.8617234468938,0.015873015873015872,0.01574653564323481
-179.85971943887776,0.015873015873015872,0.01574653564323481
-178.85771543086173,0.0,0.0
-177.8557114228457,0.0,0.0
-176.85370741482967,0.015873015873015872,0.01574653564323481
-175.85170340681364,0.015873015873015872,0.01574653564323481
-174.8496993987976,0.015873015873015872,0.01574653564323481
-173.84769539078155,0.015873015873015872,0.01574653564323481
-172.84569138276555,0.015873015873015872,0.01574653564323481
-171.8436873747495,0.0,0.0
-170.8416833667335,0.015873015873015872,0.01574653564323481
-169.83967935871743,0.031746031746031744,0.022088645799247856
-168.83767535070143,0.015873015873015872,0.01574653564323481
-167.83567134268537,0.015873015873015872,0.01574653564323481
-166.83366733466934,0.015873015873015872,0.01574653564323481
-165.8316633266533,0.015873015873015872,0.01574653564323481
-164.82965931863728,0.015873015873015872,0.01574653564323481
-163.82765531062125,0.047619047619047616,0.02683029380090528
-162.82565130260522,0.015873015873015872,0.01574653564323481
-161.8236472945892,0.0,0.0
-160.82164328657313,0.031746031746031744,0.022088645799247856
-159.81963927855713,0.015873015873015872,0.01574653564323481
-158.81763527054107,0.015873015873015872,0.01574653564323481
-157.81563126252507,0.0,0.0
-156.81362725450902,0.015873015873015872,0.01574653564323481
-155.811623246493,0.0,0.0
-154.80961923847696,0.0,0.0
-153.80761523046093,0.0,0.0
-152.8056112224449,0.0,0.0
-151.80360721442887,0.015873015873015872,0.01574653564323481
-150.80160320641284,0.0,0.0
-149.7995991983968,0.015873015873015872,0.01574653564323481
-148.79759519038078,0.0,0.0
-147.79559118236475,0.0,0.0
-146.79358717434872,0.0,0.0
-145.79158316633266,0.015873015873015872,0.01574653564323481
-144.78957915831666,0.015873015873015872,0.01574653564323481
-143.7875751503006,0.015873015873015872,0.01574653564323481
-142.7855711422846,0.015873015873015872,0.01574653564323481
-141.78356713426854,0.0,0.0
-140.78156312625254,0.0,0.0
-139.77955911823648,0.0,0.0
-138.77755511022045,0.0,0.0
-137.77555110220442,0.0,0.0
-136.7735470941884,0.015873015873015872,0.01574653564323481
-135.77154308617236,0.015873015873015872,0.01574653564323481
-134.76953907815633,0.0,0.0
-133.7675350701403,0.0,0.0
-132.76553106212427,0.0,0.0
-131.76352705410824,0.0,0.0
-130.76152304609218,0.015873015873015872,0.01574653564323481
-129.75951903807618,0.015873015873015872,0.01574653564323481
-128.75751503006012,0.0,0.0
-127.7555110220441,0.015873015873015872,0.01574653564323481
-126.75350701402807,0.0,0.0
-125.75150300601204,0.015873015873015872,0.01574653564323481
-124.749498997996,0.0,0.0
-123.74749498997997,0.015873015873015872,0.01574653564323481
-122.74549098196394,0.031746031746031744,0.022088645799247856
-121.74348697394791,0.0,0.0
-120.74148296593188,0.015873015873015872,0.01574653564323481
-119.73947895791585,0.0,0.0
-118.73747494989982,0.0,0.0
-117.73547094188379,0.0,0.0
-116.73346693386776,0.015873015873015872,0.01574653564323481
-115.73146292585173,0.0,0.0
-114.7294589178357,0.047619047619047616,0.02683029380090528
-113.72745490981964,0.0,0.0
-112.72545090180361,0.0,0.0
-111.72344689378758,0.015873015873015872,0.01574653564323481
-110.72144288577155,0.031746031746031744,0.022088645799247856
-109.71943887775552,0.015873015873015872,0.01574653564323481
-108.71743486973949,0.015873015873015872,0.01574653564323481
-107.71543086172346,0.015873015873015872,0.01574653564323481
-106.71342685370743,0.0,0.0
-105.7114228456914,0.015873015873015872,0.01574653564323481
-104.70941883767537,0.047619047619047616,0.026830293800905285
-103.70741482965934,0.015873015873015872,0.01574653564323481
-102.70541082164331,0.06349206349206349,0.030721695287833063
-101.70340681362728,0.07936507936507936,0.03405557165856028
-100.70140280561125,0.3333333333333333,0.05939138709164986
-99.6993987975952,0.6349206349206349,0.06065730203397998
-98.69739478957916,0.30158730158730157,0.057821894176584364
-97.69539078156313,0.031746031746031744,0.022088645799247856
-96.6933867735471,0.06349206349206349,0.030721695287833063
-95.69138276553107,0.047619047619047616,0.026830293800905285
-94.68937875751504,0.031746031746031744,0.022088645799247852
-93.68737474949901,0.015873015873015872,0.01574653564323481
-92.68537074148298,0.0,0.0
-91.68336673346695,0.0,0.0
-90.68136272545092,0.0,0.0
-89.6793587174349,0.0,0.0
-88.67735470941886,0.015873015873015872,0.01574653564323481
-87.67535070140283,0.015873015873015872,0.01574653564323481
-86.6733466933868,0.0,0.0
-85.67134268537075,0.0,0.0
-84.66933867735472,0.015873015873015872,0.01574653564323481
-83.66733466933869,0.0,0.0
-82.66533066132266,0.015873015873015872,0.01574653564323481
-81.66332665330663,0.0,0.0
-80.6613226452906,0.015873015873015872,0.01574653564323481
-79.65931863727457,0.015873015873015872,0.01574653564323481
-78.65731462925854,0.015873015873015872,0.01574653564323481
-77.6553106212425,0.0,0.0
-76.65330661322648,0.047619047619047616,0.026830293800905285
-75.65130260521045,0.031746031746031744,0.022088645799247856
-74.64929859719442,0.0,0.0
-73.64729458917839,0.0,0.0
-72.64529058116236,0.0,0.0
-71.6432865731463,0.015873015873015872,0.01574653564323481
-70.64128256513027,0.0,0.0
-69.63927855711424,0.0,0.0
-68.63727454909821,0.0,0.0
-67.63527054108218,0.0,0.0
-66.63326653306615,0.015873015873015872,0.01574653564323481
-65.63126252505012,0.031746031746031744,0.022088645799247856
-64.62925851703409,0.0,0.0
-63.62725450901806,0.0,0.0
-62.62525050100203,0.0,0.0
-61.623246492986,0.015873015873015872,0.01574653564323481
-60.62124248496997,0.015873015873015872,0.01574653564323481
-59.61923847695394,0.015873015873015872,0.01574653564323481
-58.61723446893791,0.031746031746031744,0.022088645799247852
-57.61523046092185,0.031746031746031744,0.022088645799247856
-56.61322645290582,0.0,0.0
-55.61122244488979,0.0,0.0
-54.60921843687376,0.031746031746031744,0.022088645799247856
-53.60721442885773,0.0,0.0
-52.6052104208417,0.0,0.0
-51.60320641282567,0.06349206349206349,0.030721695287833063
-50.60120240480964,0.0,0.0
-49.59919839679361,0.015873015873015872,0.01574653564323481
-48.59719438877758,0.0,0.0
-47.59519038076155,0.0,0.0
-46.59318637274552,0.0,0.0
-45.59118236472949,0.0,0.0
-44.58917835671346,0.0,0.0
-43.58717434869743,0.015873015873015872,0.01574653564323481
-42.58517034068137,0.0,0.0
-41.58316633266534,0.0,0.0
-40.58116232464931,0.015873015873015872,0.01574653564323481
-39.57915831663328,0.0,0.0
-38.57715430861725,0.0,0.0
-37.57515030060122,0.0,0.0
-36.57314629258519,0.0,0.0
-35.57114228456916,0.0,0.0
-34.56913827655313,0.0,0.0
-33.5671342685371,0.0,0.0
-32.56513026052107,0.0,0.0
-31.563126252505043,0.0,0.0
-30.561122244489013,0.0,0.0
-29.559118236472983,0.031746031746031744,0.022088645799247856
-28.557114228456925,0.0,0.0
-27.555110220440895,0.0,0.0
-26.553106212424865,0.0,0.0
-25.551102204408835,0.0,0.0
-24.549098196392805,0.015873015873015872,0.01574653564323481
-23.547094188376775,0.0,0.0
-22.545090180360745,0.0,0.0
-21.543086172344715,0.0,0.0
-20.541082164328685,0.0,0.0
-19.539078156312655,0.031746031746031744,0.022088645799247856
-18.537074148296625,0.015873015873015872,0.01574653564323481
-17.535070140280595,0.015873015873015872,0.01574653564323481
-16.533066132264565,0.015873015873015872,0.01574653564323481
-15.531062124248535,0.0,0.0
-14.529058116232477,0.031746031746031744,0.022088645799247856
-13.527054108216447,0.031746031746031744,0.022088645799247856
-12.525050100200417,0.015873015873015872,0.01574653564323481
-11.523046092184387,0.015873015873015872,0.01574653564323481
-10.521042084168357,0.0,0.0
-9.519038076152327,0.015873015873015872,0.01574653564323481
-8.517034068136297,0.015873015873015872,0.01574653564323481
-7.515030060120267,0.031746031746031744,0.022088645799247856
-6.513026052104237,0.031746031746031744,0.022088645799247856
-5.511022044088207,0.031746031746031744,0.022088645799247856
-4.509018036072177,0.06349206349206349,0.030721695287833067
-3.5070140280561475,0.031746031746031744,0.022088645799247856
-2.5050100200401175,0.047619047619047616,0.02683029380090528
-1.5030060120240876,0.015873015873015872,0.01574653564323481
-0.5010020040080292,0.23809523809523808,0.053660587601810555
0.5010020040080008,0.6349206349206349,0.06065730203397999
1.5030060120240307,0.4444444444444444,0.06260401886877902
2.5050100200400607,0.015873015873015872,0.01574653564323481
3.5070140280560906,0.031746031746031744,0.022088645799247856
4.509018036072121,0.031746031746031744,0.022088645799247852
5.5110220440881506,0.06349206349206349,0.030721695287833067
6.5130260521041805,0.0,0.0
7.515030060120239,0.0,0.0
8.51703406813624,0.015873015873015872,0.01574653564323481
9.519038076152299,0.015873015873015872,0.01574653564323481
10.5210420841683,0.0,0.0
11.523046092184359,0.0,0.0
12.52505010020036,0.015873015873015872,0.01574653564323481
13.527054108216419,0.015873015873015872,0.01574653564323481
14.52905811623242,0.015873015873015872,0.01574653564323481
15.531062124248479,0.0,0.0
16.53306613226448,0.0,0.0
17.53507014028054,0.0,0.0
18.53707414829654,0.0,0.0
19.5390781563126,0.015873015873015872,0.01574653564323481
20.5410821643286,0.0,0.0
21.54308617234466,0.031746031746031744,0.022088645799247852
22.545090180360717,0.0,0.0
23.547094188376718,0.031746031746031744,0.022088645799247856
24.549098196392777,0.0,0.0
25.551102204408778,0.0,0.0
26.553106212424836,0.06349206349206349,0.030721695287833063
27.555110220440838,0.015873015873015872,0.01574653564323481
28.557114228456896,0.015873015873015872,0.01574653564323481
29.559118236472898,0.0,0.0
30.561122244488956,0.015873015873015872,0.01574653564323481
31.563126252504958,0.0,0.0
32.565130260521016,0.0,0.0
33.56713426853702,0.015873015873015872,0.01574653564323481
34.569138276553076,0.031746031746031744,0.022088645799247856
35.571142284569135,0.015873015873015872,0.01574653564323481
36.573146292585136,0.0,0.0
37.575150300601194,0.0,0.0
38.577154308617196,0.0,0.0
39.579158316633254,0.0,0.0
40.581162324649256,0.015873015873015872,0.01574653564323481
41.583166332665314,0.031746031746031744,0.022088645799247856
42.585170340681316,0.015873015873015872,0.01574653564323481
43.587174348697374,0.0,0.0
44.589178356713376,0.0,0.0
45.591182364729434,0.015873015873015872,0.01574653564323481
46.593186372745436,0.015873015873015872,0.01574653564323481
47.595190380761494,0.015873015873015872,0.01574653564323481
48.597194388777496,0.015873015873015872,0.01574653564323481
49.599198396793554,0.015873015873015872,0.01574653564323481
50.60120240480961,0.015873015873015872,0.01574653564323481
51.603206412825614,0.015873015873015872,0.01574653564323481
52.60521042084167,0.015873015873015872,0.01574653564323481
53.607214428857674,0.0,0.0
54.60921843687373,0.0,0.0
55.611222444889734,0.015873015873015872,0.01574653564323481
56.61322645290579,0.0,0.0
57.615230460921794,0.0,0.0
58.61723446893785,0.0,0.0
59.61923847695385,0.0,0.0
60.62124248496991,0.0,0.0
61.62324649298591,0.0,0.0
62.62525050100197,0.0,0.0
63.62725450901803,0.0,0.0
64.62925851703403,0.047619047619047616,0.02683029380090528
65.63126252505009,0.0,0.0
66.63326653306609,0.0,0.0
67.63527054108215,0.0,0.0
68.63727454909815,0.031746031746031744,0.022088645799247856
69.63927855711421,0.0,0.0
70.64128256513021,0.0,0.0
71.64328657314627,0.015873015873015872,0.01574653564323481
72.64529058116227,0.031746031746031744,0.022088645799247856
73.64729458917833,0.0,0.0
74.64929859719433,0.0,0.0
75.65130260521039,0.0,0.0
76.65330661322639,0.015873015873015872,0.01574653564323481
77.65531062124245,0.031746031746031744,0.022088645799247856
78.65731462925851,0.0,0.0
79.65931863727451,0.0,0.0
80.66132264529057,0.015873015873015872,0.01574653564323481
81.66332665330657,0.0,0.0
82.66533066132263,0.0,0.0
83.66733466933863,0.031746031746031744,0.022088645799247856
84.66933867735469,0.0,0.0
85.67134268537069,0.0,0.0
86.67334669338675,0.015873015873015872,0.01574653564323481
87.67535070140275,0.015873015873015872,0.01574653564323481
88.67735470941881,0.06349206349206349,0.030721695287833063
89.67935871743481,0.0,0.0
90.68136272545087,0.0,0.0
91.68336673346687,0.031746031746031744,0.022088645799247852
92.68537074148293,0.0,0.0
93.68737474949899,0.0,0.0
94.68937875751499,0.0,0.0
95.69138276553105,0.031746031746031744,0.022088645799247856
96.69338677354705,0.0,0.0
97.6953907815631,0.0,0.0
98.6973947895791,0.0,0.0
99.69939879759517,0.047619047619047616,0.026830293800905285
100.70140280561117,0.2857142857142857,0.05691564806354254
101.70340681362723,0.20634920634920634,0.05098540273330325
102.70541082164323,0.06349206349206349,0.030721695287833067
103.70741482965929,0.015873015873015872,0.01574653564323481
104.70941883767529,0.015873015873015872,0.01574653564323481
105.71142284569135,0.0,0.0
106.7134268537074,0.015873015873015872,0.01574653564323481
107.7154308617234,0.0,0.0
108.71743486973946,0.015873015873015872,0.01574653564323481
109.71943887775547,0.015873015873015872,0.01574653564323481
110.72144288577152,0.0,0.0
111.72344689378752,0.015873015873015872,0.01574653564323481
112.72545090180358,0.015873015873015872,0.01574653564323481
113.72745490981958,0.0,0.0
114.72945891783564,0.0,0.0
115.73146292585164,0.015873015873015872,0.01574653564323481
116.7334669338677,0.015873015873015872,0.01574653564323481
117.7354709418837,0.015873015873015872,0.01574653564323481
118.73747494989976,0.0,0.0
119.73947895791576,0.015873015873015872,0.01574653564323481
120.74148296593182,0.0,0.0
121.74348697394788,0.0,0.0
122.74549098196388,0.015873015873015872,0.01574653564323481
123.74749498997994,0.047619047619047616,0.02683029380090528
124.74949899799594,0.015873015873015872,0.01574653564323481
125.751503006012,0.0,0.0
126.753507014028,0.031746031746031744,0.022088645799247856
127.75551102204406,0.0,0.0
128.75751503006006,0.015873015873015872,0.01574653564323481
129.75951903807612,0.015873015873015872,0.01574653564323481
130.76152304609212,0.0,0.0
131.76352705410818,0.015873015873015872,0.01574653564323481
132.76553106212418,0.015873015873015872,0.01574653564323481
133.76753507014024,0.0,0.0
134.7695390781563,0.0,0.0
135.7715430861723,0.0,0.0
136.77354709418836,0.015873015873015872,0.01574653564323481
137.77555110220436,0.015873015873015872,0.01574653564323481
138.77755511022042,0.0,0.0
139.77955911823642,0.015873015873015872,0.01574653564323481
140.78156312625248,0.031746031746031744,0.022088645799247852
141.78356713426848,0.0,0.0
142.78557114228454,0.0,0.0
143.78757515030054,0.015873015873015872,0.01574653564323481
144.7895791583166,0.0,0.0
145.7915831663326,0.015873015873015872,0.01574653564323481
146.79358717434866,0.0,0.0
147.79559118236466,0.0,0.0
148.79759519038072,0.0,0.0
149.79959919839678,0.031746031746031744,0.022088645799247856
150.80160320641278,0.031746031746031744,0.022088645799247856
151.80360721442884,0.0,0.0
152.80561122244484,0.0,0.0
153.8076152304609,0.0,0.0
154.8096192384769,0.015873015873015872,0.01574653564323481
155.81162324649296,0.015873015873015872,0.01574653564323481
156.81362725450896,0.0,0.0
157.81563126252502,0.031746031746031744,0.022088645799247852
158.81763527054102,0.031746031746031744,0.022088645799247856
159.81963927855708,0.0,0.0
160.82164328657308,0.0,0.0
161.82364729458914,0.015873015873015872,0.01574653564323481
162.82565130260514,0.0,0.0
163.8276553106212,0.031746031746031744,0.022088645799247852
164.82965931863725,0.015873015873015872,0.01574653564323481
165.83166332665326,0.015873015873015872,0.01574653564323481
166.83366733466931,0.0,0.0
167.83567134268532,0.0,0.0
168.83767535070137,0.0,0.0
169.83967935871738,0.015873015873015872,0.01574653564323481
170.84168336673343,0.0,0.0
171.84368737474944,0.015873015873015872,0.01574653564323481
172.8456913827655,0.015873015873015872,0.01574653564323481
173.8476953907815,0.0,0.0
174.84969939879755,0.031746031746031744,0.022088645799247856
175.85170340681356,0.031746031746031744,0.022088645799247856
176.8537074148296,0.015873015873015872,0.01574653564323481
177.85571142284567,0.015873015873015872,0.01574653564323481
178.85771543086167,0.031746031746031744,0.022088645799247852
179.85971943887773,0.0,0.0
180.86172344689373,0.0,0.0
181.8637274549098,0.031746031746031744,0.022088645799247856
182.8657314629258,0.0,0.0
183.86773547094185,0.015873015873015872,0.01574653564323481
184.86973947895785,0.0,0.0
185.8717434869739,0.0,0.0
186.8737474949899,0.0,0.0
187.87575150300597,0.015873015873015872,0.01574653564323481
188.87775551102197,0.015873015873015872,0.01574653564323481
189.87975951903803,0.0,0.0
190.88176352705403,0.015873015873015872,0.01574653564323481
191.8837675350701,0.0,0.0
192.88577154308615,0.015873015873015872,0.01574653564323481
193.88777555110215,0.0,0.0
194.8897795591182,0.0,0.0
195.8917835671342,0.015873015873015872,0.01574653564323481
196.89378757515027,0.0,0.0
197.89579158316627,0.015873015873015872,0.01574653564323481
198.89779559118233,0.0,0.0
199.89979959919833,0.015873015873015872,0.01574653564323481
200.9018036072144,0.015873015873015872,0.01574653564323481
201.9038076152304,0.031746031746031744,0.022088645799247856
202.90581162324645,0.0,0.0
203.90781563126245,0.015873015873015872,0.01574653564323481
204.9098196392785,0.015873015873015872,0.01574653564323481
205.9118236472945,0.047619047619047616,0.026830293800905285
206.91382765531057,0.015873015873015872,0.01574653564323481
207.91583166332663,0.0,0.0
208.91783567134263,0.0,0.0
209.9198396793587,0.0,0.0
210.9218436873747,0.0,0.0
211.92384769539075,0.015873015873015872,0.01574653564323481
212.92585170340675,0.015873015873015872,0.01574653564323481
213.9278557114228,0.031746031746031744,0.022088645799247856
214.9298597194388,0.031746031746031744,0.022088645799247852
215.93186372745487,0.015873015873015872,0.01574653564323481
216.93386773547087,0.015873015873015872,0.01574653564323481
217.93587174348693,0.015873015873015872,0.01574653564323481
218.93787575150293,0.015873015873015872,0.01574653564323481
219.939879759519,0.015873015873015872,0.01574653564323481
220.94188376753505,0.0,0.0
221.94388777555105,0.0,0.0
222.9458917835671,0.0,0.0
223.9478957915831,0.015873015873015872,0.01574653564323481
224.94989979959917,0.0,0.0
225.95190380761517,0.015873015873015872,0.01574653564323481
226.95390781563123,0.015873015873015872,0.01574653564323481
227.95591182364723,0.0,0.0
228.95791583166329,0.0,0.0
229.9599198396793,0.015873015873015872,0.01574653564323481
230.96192384769535,0.015873015873015872,0.01574653564323481
231.96392785571135,0.031746031746031744,0.022088645799247856
232.9659318637274,0.0,0.0
233.9679358717434,0.015873015873015872,0.01574653564323481
234.96993987975947,0.0,0.0
235.97194388777552,0.015873015873015872,0.01574653564323481
236.97394789579153,0.0,0.0
237.97595190380758,0.015873015873015872,0.01574653564323481
238.97795591182359,0.015873015873015872,0.01574653564323481
239.97995991983964,0.015873015873015872,0.01574653564323481
240.98196392785565,0.0,0.0
241.9839679358717,0.0,0.0
242.9859719438877,0.0,0.0
243.98797595190376,0.0,0.0
244.98997995991976,0.0,0.0
245.99198396793582,0.031746031746031744,0.022088645799247856
246.99398797595182,0.0,0.0
247.99599198396788,0.015873015873015872,0.01574653564323481
248.99799599198394,0.0,0.0
250.0,0.0,0.0
